query_index,num_candidates,num_positives,ap,rank1,rank5,rank10
0,231,1,1.0,1.0,1.0,1.0
2,354,3,0.39248366013071895,1.0,1.0,1.0
3,398,3,0.6696969696969698,1.0,1.0,1.0
4,435,3,0.1962776889700845,0.0,1.0,1.0
5,469,3,0.44047619047619047,1.0,1.0,1.0
6,553,2,0.527027027027027,1.0,1.0,1.0
7,553,3,0.36418803418803414,1.0,1.0,1.0
8,582,3,0.5734126984126984,1.0,1.0,1.0
9,619,3,0.3469614796273119,1.0,1.0,1.0
10,642,3,0.4791666666666667,1.0,1.0,1.0
11,688,3,0.6743589743589743,1.0,1.0,1.0
12,709,3,0.13001949317738792,0.0,0.0,1.0
13,736,3,0.3517348235580857,1.0,1.0,1.0
14,789,1,1.0,1.0,1.0,1.0
15,854,4,0.25802005012531326,0.0,1.0,1.0
17,951,1,0.2,0.0,1.0,1.0
21,57,2,1.0,1.0,1.0,1.0
22,154,1,0.08333333333333333,0.0,0.0,0.0
24,233,3,0.14483463396506877,0.0,1.0,1.0
25,516,2,0.024479166666666666,0.0,0.0,0.0
26,601,2,0.025213675213675214,0.0,0.0,0.0
27,787,2,0.06666666666666667,0.0,0.0,1.0
28,676,2,0.5416666666666666,1.0,1.0,1.0
41,140,2,0.1625,0.0,0.0,1.0
42,570,2,0.026893939393939394,0.0,0.0,0.0
57,107,2,0.5178571428571429,1.0,1.0,1.0
67,177,3,0.2493734335839599,0.0,1.0,1.0
78,206,1,1.0,1.0,1.0,1.0
94,778,1,1.0,1.0,1.0,1.0
111,1102,1,1.0,1.0,1.0,1.0
112,1105,1,1.0,1.0,1.0,1.0
114,1115,1,1.0,1.0,1.0,1.0
115,1118,1,1.0,1.0,1.0,1.0
119,1193,1,1.0,1.0,1.0,1.0
121,1242,1,1.0,1.0,1.0,1.0
123,1265,1,1.0,1.0,1.0,1.0
124,1274,1,1.0,1.0,1.0,1.0
125,1352,2,0.6666666666666666,1.0,1.0,1.0
126,1361,2,0.5333333333333333,1.0,1.0,1.0
127,1437,1,0.25,0.0,1.0,1.0
128,1492,2,0.5123456790123457,1.0,1.0,1.0
129,1516,2,0.5066666666666667,1.0,1.0,1.0
131,1659,2,0.26785714285714285,0.0,1.0,1.0
132,1963,4,0.018567044364297704,0.0,0.0,0.0
133,1618,2,0.2717391304347826,0.0,1.0,1.0
134,1623,2,0.12142857142857143,0.0,0.0,1.0
139,146,1,0.14285714285714285,0.0,0.0,1.0
141,1787,2,0.5,0.0,1.0,1.0
144,1835,2,0.030638297872340424,0.0,0.0,0.0
146,1932,1,0.1,0.0,0.0,1.0
148,1951,1,0.5,0.0,1.0,1.0
149,1966,1,0.16666666666666666,0.0,0.0,1.0
150,1984,1,0.14285714285714285,0.0,0.0,1.0
151,2029,2,0.17692307692307693,0.0,1.0,1.0
176,129,1,0.08333333333333333,0.0,0.0,0.0
180,563,1,0.08333333333333333,0.0,0.0,0.0
198,1220,2,0.07638888888888888,0.0,0.0,1.0
202,1340,1,1.0,1.0,1.0,1.0
203,1319,1,1.0,1.0,1.0,1.0
204,1328,1,1.0,1.0,1.0,1.0
205,1381,1,0.5,0.0,1.0,1.0
206,1409,1,0.058823529411764705,0.0,0.0,0.0
207,1432,1,0.5,0.0,1.0,1.0
208,1460,1,0.06666666666666667,0.0,0.0,0.0
214,1554,1,0.5,0.0,1.0,1.0
215,1556,1,1.0,1.0,1.0,1.0
219,1698,1,0.3333333333333333,0.0,1.0,1.0
222,1716,1,1.0,1.0,1.0,1.0
225,1792,1,1.0,1.0,1.0,1.0
231,1938,1,0.010638297872340425,0.0,0.0,0.0
232,1951,1,0.2,0.0,1.0,1.0
270,1101,1,0.125,0.0,0.0,1.0
273,1107,1,0.1111111111111111,0.0,0.0,1.0
274,1119,1,1.0,1.0,1.0,1.0
275,1700,2,0.6,1.0,1.0,1.0
276,1707,2,1.0,1.0,1.0,1.0
279,1187,1,0.07142857142857142,0.0,0.0,0.0
284,1255,1,0.5,0.0,1.0,1.0
285,1269,1,0.25,0.0,1.0,1.0
286,1346,2,0.8333333333333333,1.0,1.0,1.0
287,1347,1,1.0,1.0,1.0,1.0
290,1485,2,0.5833333333333333,0.0,1.0,1.0
291,1451,1,0.05263157894736842,0.0,0.0,0.0
292,1510,2,0.021135029354207434,0.0,0.0,0.0
294,1917,2,0.6111111111111112,1.0,1.0,1.0
295,1945,2,1.0,1.0,1.0,1.0
296,1607,2,0.7,1.0,1.0,1.0
297,1610,2,0.7,1.0,1.0,1.0
298,1723,2,1.0,1.0,1.0,1.0
299,1739,2,1.0,1.0,1.0,1.0
300,1755,2,0.7,1.0,1.0,1.0
303,1808,2,1.0,1.0,1.0,1.0
304,1824,2,0.8333333333333333,1.0,1.0,1.0
306,1868,2,0.5714285714285714,1.0,1.0,1.0
312,1918,1,0.038461538461538464,0.0,0.0,0.0
313,1941,1,0.004149377593360996,0.0,0.0,0.0
373,1322,1,0.3333333333333333,0.0,1.0,1.0
374,1326,1,0.08333333333333333,0.0,0.0,0.0
375,1385,1,0.3333333333333333,0.0,1.0,1.0
376,1414,1,0.02702702702702703,0.0,0.0,0.0
377,1463,2,0.3055555555555556,0.0,1.0,1.0
378,1479,2,0.13095238095238093,0.0,0.0,1.0
379,1480,2,0.00922698838248436,0.0,0.0,0.0
381,1566,1,0.02857142857142857,0.0,0.0,0.0
384,1591,2,0.175,0.0,1.0,1.0
386,1683,2,0.0025256551715340803,0.0,0.0,0.0
387,1698,2,0.0033691309242621574,0.0,0.0,0.0
388,1716,2,0.033801874163319943,0.0,0.0,0.0
389,1771,2,0.03132588635259835,0.0,0.0,0.0
392,1781,2,0.07048092868988391,0.0,0.0,1.0
393,1790,2,0.41666666666666663,0.0,1.0,1.0
394,1800,2,0.015171312427409989,0.0,0.0,0.0
397,1838,2,0.01642964878258996,0.0,0.0,0.0
398,1847,2,0.03083333333333333,0.0,0.0,0.0
400,1973,1,0.004830917874396135,0.0,0.0,0.0
401,1905,1,0.16666666666666666,0.0,0.0,1.0
403,1922,1,0.058823529411764705,0.0,0.0,0.0
404,1937,1,0.023809523809523808,0.0,0.0,0.0
405,1958,1,0.038461538461538464,0.0,0.0,0.0
406,2001,2,0.08598585322723254,0.0,0.0,1.0
407,2008,2,0.002790971461048187,0.0,0.0,0.0
408,2005,1,0.05,0.0,0.0,0.0
409,375,2,0.7,1.0,1.0,1.0
412,935,1,0.5,0.0,1.0,1.0
424,318,1,0.09090909090909091,0.0,0.0,0.0
425,852,1,0.07142857142857142,0.0,0.0,0.0
426,872,1,0.043478260869565216,0.0,0.0,0.0
427,966,1,0.07142857142857142,0.0,0.0,0.0
428,897,1,0.012048192771084338,0.0,0.0,0.0
432,1400,1,0.02,0.0,0.0,0.0
433,1508,1,0.03225806451612903,0.0,0.0,0.0
434,1739,2,0.5181818181818182,1.0,1.0,1.0
435,1861,2,0.06118881118881119,0.0,0.0,0.0
436,2006,1,0.05,0.0,0.0,0.0
437,2147,1,0.3333333333333333,0.0,1.0,1.0
438,2142,1,0.03571428571428571,0.0,0.0,0.0
439,1947,1,1.0,1.0,1.0,1.0
440,1278,1,1.0,1.0,1.0,1.0
441,366,1,0.015873015873015872,0.0,0.0,0.0
442,907,2,0.6,1.0,1.0,1.0
443,938,2,0.5044843049327354,1.0,1.0,1.0
444,975,1,0.02857142857142857,0.0,0.0,0.0
445,967,2,0.09333333333333332,0.0,0.0,1.0
447,1223,2,0.55,1.0,1.0,1.0
448,1351,1,0.14285714285714285,0.0,0.0,1.0
449,1467,2,0.12325581395348838,0.0,1.0,1.0
450,1616,2,0.504149377593361,1.0,1.0,1.0
451,1775,4,0.5137888427362112,1.0,1.0,1.0
452,1899,4,0.3638101335284433,1.0,1.0,1.0
453,2120,2,0.5232558139534884,1.0,1.0,1.0
454,2215,4,0.14139692663994924,0.0,1.0,1.0
455,2242,3,0.13116152802016676,0.0,1.0,1.0
457,1283,1,1.0,1.0,1.0,1.0
458,382,2,0.31666666666666665,0.0,1.0,1.0
459,966,3,0.7051282051282052,1.0,1.0,1.0
460,985,3,0.6695156695156695,1.0,1.0,1.0
461,969,1,0.14285714285714285,0.0,0.0,1.0
462,1014,3,0.37228975616691545,1.0,1.0,1.0
464,1226,2,0.5222222222222223,1.0,1.0,1.0
465,1359,1,1.0,1.0,1.0,1.0
466,1375,1,0.25,0.0,1.0,1.0
467,1617,2,0.5053475935828877,1.0,1.0,1.0
468,1731,2,0.05930087390761548,0.0,0.0,1.0
469,1854,2,0.16952380952380952,0.0,1.0,1.0
470,2122,2,0.5666666666666667,1.0,1.0,1.0
471,2184,3,0.20169082125603863,0.0,1.0,1.0
472,2244,3,0.18848696605350598,0.0,1.0,1.0
473,2243,1,0.0014925373134328358,0.0,0.0,0.0
475,857,1,0.125,0.0,0.0,1.0
476,885,1,0.01098901098901099,0.0,0.0,0.0
478,914,1,0.0035842293906810036,0.0,0.0,0.0
479,1186,1,0.2,0.0,1.0,1.0
484,2083,2,0.178714859437751,0.0,1.0,1.0
486,2213,2,0.07272727272727272,0.0,0.0,1.0
488,1339,2,0.18333333333333335,0.0,1.0,1.0
492,468,1,0.021739130434782608,0.0,0.0,0.0
494,247,1,1.0,1.0,1.0,1.0
495,440,1,0.02631578947368421,0.0,0.0,0.0
502,481,1,0.043478260869565216,0.0,0.0,0.0
509,522,1,0.021739130434782608,0.0,0.0,0.0
510,260,2,0.6,1.0,1.0,1.0
512,441,2,0.8333333333333333,1.0,1.0,1.0
513,586,3,0.4694444444444444,1.0,1.0,1.0
514,628,2,0.5588235294117647,1.0,1.0,1.0
517,440,1,1.0,1.0,1.0,1.0
518,294,4,0.8303571428571428,1.0,1.0,1.0
519,362,2,0.375,0.0,1.0,1.0
520,469,4,0.7653846153846153,1.0,1.0,1.0
521,627,4,1.0,1.0,1.0,1.0
522,649,3,1.0,1.0,1.0,1.0
530,196,2,0.3333333333333333,0.0,1.0,1.0
531,360,2,0.5126582278481012,1.0,1.0,1.0
532,432,2,0.08571428571428572,0.0,0.0,0.0
533,32,2,0.325,0.0,1.0,1.0
534,151,2,0.5769230769230769,1.0,1.0,1.0
535,257,2,0.10101010101010101,0.0,0.0,0.0
536,448,2,0.021602434077079107,0.0,0.0,0.0
537,378,11,0.4722558716368445,1.0,1.0,1.0
538,501,3,0.1657114127702363,0.0,1.0,1.0
539,576,6,0.38007630320644,1.0,1.0,1.0
540,704,5,0.6674521354933726,1.0,1.0,1.0
541,722,4,0.7777777777777778,1.0,1.0,1.0
542,62,2,1.0,1.0,1.0,1.0
543,198,2,0.75,1.0,1.0,1.0
544,314,2,1.0,1.0,1.0,1.0
545,494,2,0.12000000000000001,0.0,1.0,1.0
546,403,12,0.43625138116157,1.0,1.0,1.0
547,556,5,0.3117201649848561,1.0,1.0,1.0
548,626,7,0.5049983249856648,1.0,1.0,1.0
549,732,6,0.5615988330816197,1.0,1.0,1.0
550,755,4,0.7685185185185185,1.0,1.0,1.0
555,422,15,0.5851082193936963,1.0,1.0,1.0
556,585,6,0.4374303978602952,1.0,1.0,1.0
557,642,8,0.7014131066550422,1.0,1.0,1.0
558,746,7,0.7839861751152074,1.0,1.0,1.0
559,766,5,0.7753968253968253,1.0,1.0,1.0
560,799,1,0.0024154589371980675,0.0,0.0,0.0
561,772,1,0.14285714285714285,0.0,0.0,1.0
569,550,3,0.8333333333333334,1.0,1.0,1.0
570,593,2,0.5555555555555556,1.0,1.0,1.0
573,529,1,0.1111111111111111,0.0,0.0,1.0
574,649,1,0.009523809523809525,0.0,0.0,0.0
575,741,1,0.027777777777777776,0.0,0.0,0.0
577,426,2,0.01811151811151811,0.0,0.0,0.0
581,396,1,0.16666666666666666,0.0,0.0,1.0
587,46,1,1.0,1.0,1.0,1.0
589,168,2,0.21428571428571427,0.0,1.0,1.0
591,359,2,0.10833333333333334,0.0,0.0,0.0
595,376,9,0.39368131217892505,1.0,1.0,1.0
596,852,4,0.6116677440206851,1.0,1.0,1.0
597,444,2,1.0,1.0,1.0,1.0
598,21,1,1.0,1.0,1.0,1.0
600,20,1,1.0,1.0,1.0,1.0
602,127,2,1.0,1.0,1.0,1.0
604,303,2,1.0,1.0,1.0,1.0
605,406,2,1.0,1.0,1.0,1.0
606,458,2,0.017265981735159815,0.0,0.0,0.0
607,555,4,0.7568027210884354,1.0,1.0,1.0
608,563,3,1.0,1.0,1.0,1.0
609,537,2,0.2037037037037037,0.0,1.0,1.0
611,615,4,0.8088235294117647,1.0,1.0,1.0
612,651,4,0.7584033613445378,1.0,1.0,1.0
613,651,3,0.12023809523809524,0.0,0.0,1.0
614,667,1,0.010309278350515464,0.0,0.0,0.0
615,714,4,0.7521551724137931,1.0,1.0,1.0
616,744,4,0.7528901734104047,1.0,1.0,1.0
617,447,16,0.710581604867194,1.0,1.0,1.0
618,837,3,0.504950495049505,1.0,1.0,1.0
619,405,1,1.0,1.0,1.0,1.0
621,61,1,0.16666666666666666,0.0,0.0,1.0
622,82,1,0.16666666666666666,0.0,0.0,1.0
624,80,1,1.0,1.0,1.0,1.0
625,260,1,0.016129032258064516,0.0,0.0,0.0
626,263,1,1.0,1.0,1.0,1.0
627,380,1,1.0,1.0,1.0,1.0
628,540,3,0.04941040602966205,0.0,0.0,1.0
629,521,3,0.41111111111111115,1.0,1.0,1.0
630,523,2,0.15833333333333333,0.0,1.0,1.0
631,629,3,0.016829265238136982,0.0,0.0,0.0
632,751,2,0.023547448698797074,0.0,0.0,0.0
633,567,3,0.5070422535211268,1.0,1.0,1.0
634,627,3,0.5608187134502923,1.0,1.0,1.0
635,725,5,0.10556781339437463,0.0,0.0,1.0
636,778,1,0.007407407407407408,0.0,0.0,0.0
637,689,3,0.668888888888889,1.0,1.0,1.0
638,715,3,0.28069322967282145,0.0,1.0,1.0
639,454,17,0.524029952956896,1.0,1.0,1.0
640,762,2,0.12878787878787878,0.0,0.0,1.0
642,67,3,0.7291666666666666,1.0,1.0,1.0
643,98,3,0.8666666666666667,1.0,1.0,1.0
644,149,2,1.0,1.0,1.0,1.0
646,270,3,0.6464646464646464,1.0,1.0,1.0
649,554,5,0.315108787701127,1.0,1.0,1.0
650,418,2,0.1380952380952381,0.0,0.0,1.0
651,423,1,0.25,0.0,1.0,1.0
652,640,5,0.3213855839365449,1.0,1.0,1.0
653,762,4,0.5345317725752509,1.0,1.0,1.0
654,454,2,0.25,0.0,1.0,1.0
655,499,2,0.34090909090909094,0.0,1.0,1.0
656,738,7,0.4983311999923296,1.0,1.0,1.0
657,788,3,0.3923135464231355,1.0,1.0,1.0
658,627,2,0.5042016806722689,1.0,1.0,1.0
659,652,2,0.029757085020242914,0.0,0.0,0.0
660,834,3,0.13333333333333333,0.0,1.0,1.0
664,500,9,0.35169694900877696,0.0,1.0,1.0
673,448,1,0.038461538461538464,0.0,0.0,0.0
677,173,4,0.5560897435897436,1.0,1.0,1.0
678,173,1,1.0,1.0,1.0,1.0
679,379,1,0.5,0.0,1.0,1.0
680,486,1,0.1111111111111111,0.0,0.0,1.0
681,481,3,0.10972586759988336,0.0,1.0,1.0
682,50,1,0.125,0.0,0.0,1.0
683,240,1,0.09090909090909091,0.0,0.0,0.0
684,354,5,0.10448531190117394,0.0,1.0,1.0
687,227,2,0.5294117647058824,1.0,1.0,1.0
688,433,1,0.01818181818181818,0.0,0.0,0.0
692,367,1,0.007575757575757576,0.0,0.0,0.0
693,20,1,0.25,0.0,1.0,1.0
695,431,2,0.033482142857142856,0.0,0.0,0.0
696,632,1,0.009433962264150943,0.0,0.0,0.0
697,37,1,1.0,1.0,1.0,1.0
698,81,1,0.02040816326530612,0.0,0.0,0.0
699,599,3,0.37917637917637914,1.0,1.0,1.0
700,224,1,0.007575757575757576,0.0,0.0,0.0
701,265,1,0.023809523809523808,0.0,0.0,0.0
702,32,1,1.0,1.0,1.0,1.0
704,602,2,0.8333333333333333,1.0,1.0,1.0
705,640,2,0.0869047619047619,0.0,0.0,1.0
706,543,2,0.08391608391608392,0.0,0.0,0.0
712,157,3,0.689922480620155,1.0,1.0,1.0
713,318,3,0.7222222222222222,1.0,1.0,1.0
720,208,2,0.021315192743764172,0.0,0.0,0.0
723,308,2,0.39285714285714285,0.0,1.0,1.0
724,205,2,0.5769230769230769,1.0,1.0,1.0
725,174,3,0.7222222222222222,1.0,1.0,1.0
726,310,3,0.7666666666666666,1.0,1.0,1.0
727,558,1,0.020833333333333332,0.0,0.0,0.0
731,494,1,0.3333333333333333,0.0,1.0,1.0
733,61,2,0.6666666666666666,1.0,1.0,1.0
735,463,3,0.23792270531400964,0.0,1.0,1.0
736,424,3,0.36944444444444446,0.0,1.0,1.0
737,351,2,0.24285714285714285,0.0,1.0,1.0
738,443,3,0.3946078431372549,1.0,1.0,1.0
739,209,1,0.008849557522123894,0.0,0.0,0.0
741,472,1,0.07692307692307693,0.0,0.0,0.0
746,205,3,0.4366013071895425,1.0,1.0,1.0
747,327,3,0.7166666666666667,1.0,1.0,1.0
752,359,3,0.5238095238095238,1.0,1.0,1.0
753,376,3,0.4026915113871636,1.0,1.0,1.0
754,392,3,0.7666666666666666,1.0,1.0,1.0
755,437,2,0.028294573643410852,0.0,0.0,0.0
756,474,3,0.08516244278218153,0.0,1.0,1.0
757,173,1,1.0,1.0,1.0,1.0
761,216,2,0.5909090909090909,1.0,1.0,1.0
762,285,4,0.8875,1.0,1.0,1.0
763,401,4,0.7564102564102564,1.0,1.0,1.0
764,645,3,0.0953293194672505,0.0,0.0,0.0
769,33,2,0.75,1.0,1.0,1.0
770,131,2,1.0,1.0,1.0,1.0
771,163,2,1.0,1.0,1.0,1.0
772,186,2,1.0,1.0,1.0,1.0
773,216,1,0.14285714285714285,0.0,0.0,1.0
774,293,2,1.0,1.0,1.0,1.0
775,705,2,0.5714285714285714,1.0,1.0,1.0
777,471,2,0.5833333333333333,0.0,1.0,1.0
778,470,1,0.3333333333333333,0.0,1.0,1.0
779,510,1,0.14285714285714285,0.0,0.0,1.0
780,349,7,0.5347582972582973,1.0,1.0,1.0
781,393,7,0.5315221088435375,1.0,1.0,1.0
782,480,5,0.7406862745098038,1.0,1.0,1.0
783,132,3,0.6666666666666666,1.0,1.0,1.0
784,102,2,0.5588235294117647,1.0,1.0,1.0
785,244,2,0.625,1.0,1.0,1.0
786,21,1,1.0,1.0,1.0,1.0
787,115,1,1.0,1.0,1.0,1.0
789,152,1,1.0,1.0,1.0,1.0
790,171,1,1.0,1.0,1.0,1.0
791,285,1,0.5,0.0,1.0,1.0
792,697,1,0.25,0.0,1.0,1.0
793,468,1,0.16666666666666666,0.0,0.0,1.0
794,494,7,0.6883688257911861,1.0,1.0,1.0
795,132,4,0.7844827586206896,1.0,1.0,1.0
798,86,1,1.0,1.0,1.0,1.0
827,831,1,0.2,0.0,1.0,1.0
828,936,1,0.02127659574468085,0.0,0.0,0.0
829,955,1,0.03225806451612903,0.0,0.0,0.0
830,33,2,1.0,1.0,1.0,1.0
831,61,1,1.0,1.0,1.0,1.0
832,52,2,0.625,1.0,1.0,1.0
833,105,2,0.75,1.0,1.0,1.0
834,140,2,0.5434782608695652,1.0,1.0,1.0
835,274,2,0.225,0.0,1.0,1.0
836,284,2,0.5833333333333334,1.0,1.0,1.0
837,325,2,0.8333333333333333,1.0,1.0,1.0
838,385,2,0.5188679245283019,1.0,1.0,1.0
839,487,2,0.04642857142857143,0.0,0.0,0.0
840,1763,2,0.3,0.0,1.0,1.0
841,622,2,0.14825581395348836,0.0,1.0,1.0
842,675,2,0.5909090909090909,1.0,1.0,1.0
843,1081,2,0.7,1.0,1.0,1.0
844,741,2,0.024766899766899768,0.0,0.0,0.0
845,1085,2,0.5416666666666666,1.0,1.0,1.0
846,1096,2,0.2777777777777778,0.0,1.0,1.0
847,1087,2,0.02699859747545582,0.0,0.0,0.0
848,1059,2,0.8333333333333333,1.0,1.0,1.0
849,1135,2,0.5060606060606061,1.0,1.0,1.0
850,1146,2,0.027836691410392363,0.0,0.0,0.0
851,1142,2,0.007988380537400145,0.0,0.0,0.0
852,1155,2,0.18518518518518517,0.0,1.0,1.0
853,1194,2,1.0,1.0,1.0,1.0
854,1238,2,1.0,1.0,1.0,1.0
855,1977,3,0.7435897435897436,1.0,1.0,1.0
862,1992,3,1.0,1.0,1.0,1.0
864,1301,2,0.18361581920903955,0.0,1.0,1.0
865,1309,2,0.04696969696969697,0.0,0.0,0.0
866,1378,2,0.1893939393939394,0.0,1.0,1.0
867,1285,1,0.125,0.0,0.0,1.0
869,1294,1,0.09090909090909091,0.0,0.0,0.0
870,1307,1,0.020833333333333332,0.0,0.0,0.0
872,1334,1,0.025,0.0,0.0,0.0
873,1342,1,0.002150537634408602,0.0,0.0,0.0
874,1364,1,0.01818181818181818,0.0,0.0,0.0
875,1434,1,0.3333333333333333,0.0,1.0,1.0
876,1444,1,0.5,0.0,1.0,1.0
877,1465,2,0.016960838389409816,0.0,0.0,0.0
878,1493,2,0.0019598007334117483,0.0,0.0,0.0
879,1514,2,0.02112369337979094,0.0,0.0,0.0
880,1437,2,0.1322992700729927,0.0,1.0,1.0
881,1750,2,0.375,0.0,1.0,1.0
882,1523,2,0.09063260340632603,0.0,0.0,1.0
883,1541,2,0.06906906906906907,0.0,0.0,1.0
884,1538,2,0.1125,0.0,0.0,1.0
885,1531,1,1.0,1.0,1.0,1.0
886,1587,2,0.0946969696969697,0.0,0.0,1.0
887,1636,2,0.05857385398981324,0.0,0.0,0.0
888,1608,2,0.25,0.0,1.0,1.0
889,1657,1,0.008547008547008548,0.0,0.0,0.0
890,1992,2,0.09166666666666667,0.0,0.0,1.0
891,1979,2,0.016785714285714286,0.0,0.0,0.0
892,124,2,0.5,0.0,1.0,1.0
893,119,1,1.0,1.0,1.0,1.0
894,278,2,0.03194444444444444,0.0,0.0,0.0
895,243,2,0.24285714285714285,0.0,1.0,1.0
896,287,2,1.0,1.0,1.0,1.0
900,443,2,0.8333333333333333,1.0,1.0,1.0
903,471,2,0.0716743119266055,0.0,0.0,1.0
904,526,2,0.3611111111111111,0.0,1.0,1.0
905,508,2,0.41666666666666663,0.0,1.0,1.0
906,599,2,0.05505952380952381,0.0,0.0,0.0
909,1180,2,0.5625,1.0,1.0,1.0
911,1280,2,0.5166666666666667,1.0,1.0,1.0
913,1221,1,0.5,0.0,1.0,1.0
914,1237,1,0.030303030303030304,0.0,0.0,0.0
915,1268,1,0.14285714285714285,0.0,0.0,1.0
919,1391,1,0.5,0.0,1.0,1.0
920,1456,1,0.2,0.0,1.0,1.0
921,1502,2,0.11333333333333334,0.0,1.0,1.0
922,1469,1,0.25,0.0,1.0,1.0
923,1558,2,0.508695652173913,1.0,1.0,1.0
924,1597,2,0.1488095238095238,0.0,1.0,1.0
925,1552,2,0.28703703703703703,0.0,1.0,1.0
926,1557,1,0.1111111111111111,0.0,0.0,1.0
931,52,1,1.0,1.0,1.0,1.0
933,97,1,1.0,1.0,1.0,1.0
937,186,1,1.0,1.0,1.0,1.0
938,244,1,0.047619047619047616,0.0,0.0,0.0
939,271,1,1.0,1.0,1.0,1.0
940,284,1,1.0,1.0,1.0,1.0
941,300,1,1.0,1.0,1.0,1.0
943,356,1,1.0,1.0,1.0,1.0
944,344,1,0.3333333333333333,0.0,1.0,1.0
948,731,2,0.5046728971962616,1.0,1.0,1.0
951,863,1,1.0,1.0,1.0,1.0
954,832,1,1.0,1.0,1.0,1.0
955,963,1,0.25,0.0,1.0,1.0
956,985,1,0.3333333333333333,0.0,1.0,1.0
959,1087,2,0.6666666666666666,1.0,1.0,1.0
960,1067,2,0.8333333333333333,1.0,1.0,1.0
961,1716,1,0.3333333333333333,0.0,1.0,1.0
962,1901,1,0.5,0.0,1.0,1.0
968,1735,1,1.0,1.0,1.0,1.0
970,1911,1,1.0,1.0,1.0,1.0
972,1753,1,1.0,1.0,1.0,1.0
973,1769,1,1.0,1.0,1.0,1.0
974,1339,1,1.0,1.0,1.0,1.0
976,1346,1,1.0,1.0,1.0,1.0
977,1370,1,1.0,1.0,1.0,1.0
979,1396,1,1.0,1.0,1.0,1.0
980,1411,1,1.0,1.0,1.0,1.0
981,1422,1,1.0,1.0,1.0,1.0
982,1461,1,1.0,1.0,1.0,1.0
984,1469,1,1.0,1.0,1.0,1.0
985,1483,1,1.0,1.0,1.0,1.0
987,1498,1,1.0,1.0,1.0,1.0
988,1511,1,1.0,1.0,1.0,1.0
992,1597,1,1.0,1.0,1.0,1.0
996,224,1,1.0,1.0,1.0,1.0
997,247,1,1.0,1.0,1.0,1.0
1002,1143,1,0.06666666666666667,0.0,0.0,0.0
1003,165,1,1.0,1.0,1.0,1.0
1004,1316,1,0.16666666666666666,0.0,0.0,1.0
1005,1284,1,1.0,1.0,1.0,1.0
1006,1303,1,1.0,1.0,1.0,1.0
1007,1329,1,0.5,0.0,1.0,1.0
1011,1442,1,1.0,1.0,1.0,1.0
1014,1561,1,1.0,1.0,1.0,1.0
1037,85,1,0.04,0.0,0.0,0.0
1038,177,1,0.1,0.0,0.0,1.0
1040,238,1,0.25,0.0,1.0,1.0
1042,356,1,0.125,0.0,0.0,1.0
1045,614,1,0.02,0.0,0.0,0.0
1092,1614,1,0.008771929824561403,0.0,0.0,0.0
1096,198,1,1.0,1.0,1.0,1.0
1102,453,1,0.009615384615384616,0.0,0.0,0.0
1103,499,1,0.0625,0.0,0.0,0.0
1105,571,1,0.029411764705882353,0.0,0.0,0.0
1119,66,2,0.5434782608695652,1.0,1.0,1.0
1120,93,1,0.5,0.0,1.0,1.0
1121,107,2,0.537037037037037,1.0,1.0,1.0
1122,130,1,0.5,0.0,1.0,1.0
1123,161,1,1.0,1.0,1.0,1.0
1124,197,2,0.11142857142857143,0.0,0.0,1.0
1125,278,2,0.27380952380952384,0.0,1.0,1.0
1126,274,2,0.1144927536231884,0.0,1.0,1.0
1127,290,2,0.75,1.0,1.0,1.0
1128,296,2,0.3214285714285714,0.0,1.0,1.0
1129,326,1,0.010752688172043012,0.0,0.0,0.0
1130,352,2,0.3125,0.0,1.0,1.0
1131,352,2,1.0,1.0,1.0,1.0
1132,442,2,0.07294429708222812,0.0,0.0,0.0
1133,490,1,0.2,0.0,1.0,1.0
1134,579,1,0.038461538461538464,0.0,0.0,0.0
1135,710,2,0.5053763440860215,1.0,1.0,1.0
1136,736,1,0.1,0.0,0.0,1.0
1137,753,1,0.003105590062111801,0.0,0.0,0.0
1138,831,1,1.0,1.0,1.0,1.0
1139,943,1,0.04,0.0,0.0,0.0
1140,959,1,0.14285714285714285,0.0,0.0,1.0
1141,985,1,1.0,1.0,1.0,1.0
1161,1750,2,0.75,1.0,1.0,1.0
1162,1060,1,0.0035211267605633804,0.0,0.0,0.0
1163,1092,1,0.06666666666666667,0.0,0.0,0.0
1164,1089,1,0.04,0.0,0.0,0.0
1165,1109,1,0.006369426751592357,0.0,0.0,0.0
1166,1139,1,1.0,1.0,1.0,1.0
1168,1194,1,1.0,1.0,1.0,1.0
1170,1186,2,1.0,1.0,1.0,1.0
1171,1214,2,0.02950191570881226,0.0,0.0,0.0
1172,1224,2,0.05973813420621932,0.0,0.0,0.0
1173,1238,2,0.19999999999999998,0.0,1.0,1.0
1174,1249,2,0.12142857142857143,0.0,0.0,1.0
1175,1765,2,1.0,1.0,1.0,1.0
1176,1268,2,0.5056179775280899,1.0,1.0,1.0
1178,1287,2,0.5088495575221239,1.0,1.0,1.0
1179,1247,1,1.0,1.0,1.0,1.0
1180,1267,1,0.00819672131147541,0.0,0.0,0.0
1181,1776,2,1.0,1.0,1.0,1.0
1182,1317,1,0.05263157894736842,0.0,0.0,0.0
1183,1797,2,1.0,1.0,1.0,1.0
1184,1311,2,0.17601246105919002,0.0,1.0,1.0
1185,1323,2,0.05645161290322581,0.0,0.0,1.0
1186,1861,1,0.0013736263736263737,0.0,0.0,0.0
1187,1349,2,0.04636091724825524,0.0,0.0,0.0
1188,1882,1,0.02857142857142857,0.0,0.0,0.0
1189,1367,1,0.023255813953488372,0.0,0.0,0.0
1190,1374,1,0.06666666666666667,0.0,0.0,0.0
1191,1399,3,0.2521186440677966,0.0,1.0,1.0
1192,1413,3,0.2639455782312925,0.0,1.0,1.0
1193,1921,1,0.14285714285714285,0.0,0.0,1.0
1194,1935,1,0.008928571428571428,0.0,0.0,0.0
1195,1470,3,0.611111111111111,1.0,1.0,1.0
1196,1844,1,0.3333333333333333,0.0,1.0,1.0
1197,1481,3,0.041239892183288406,0.0,0.0,0.0
1198,1498,3,0.023875562218890558,0.0,0.0,0.0
1199,1881,1,0.5,0.0,1.0,1.0
1200,1521,3,0.6683731513083049,1.0,1.0,1.0
1201,1528,3,0.14112135851266286,0.0,0.0,1.0
1202,1377,1,0.03225806451612903,0.0,0.0,0.0
1203,1757,2,0.5625,1.0,1.0,1.0
1204,1468,1,0.04,0.0,0.0,0.0
1205,1481,1,0.019230769230769232,0.0,0.0,0.0
1206,1487,1,0.020833333333333332,0.0,0.0,0.0
1207,1560,2,1.0,1.0,1.0,1.0
1208,1556,1,0.03333333333333333,0.0,0.0,0.0
1209,1607,1,0.023809523809523808,0.0,0.0,0.0
1210,1959,1,0.3333333333333333,0.0,1.0,1.0
1211,1630,3,0.4681034482758621,1.0,1.0,1.0
1212,1647,2,0.5064935064935064,1.0,1.0,1.0
1213,1685,2,0.5019342359767892,1.0,1.0,1.0
1214,1735,1,1.0,1.0,1.0,1.0
1222,226,2,0.1588235294117647,0.0,1.0,1.0
1223,246,2,0.2934782608695652,0.0,1.0,1.0
1224,284,1,0.07142857142857142,0.0,0.0,0.0
1227,382,1,0.02564102564102564,0.0,0.0,0.0
1232,466,1,0.038461538461538464,0.0,0.0,0.0
1233,1138,1,0.03571428571428571,0.0,0.0,0.0
1234,1212,1,0.1111111111111111,0.0,0.0,1.0
1235,1264,2,0.05984740104911779,0.0,0.0,1.0
1236,1279,2,0.17932489451476794,0.0,1.0,1.0
1237,1302,2,0.011148522259633371,0.0,0.0,0.0
1238,1332,1,0.3333333333333333,0.0,1.0,1.0
1239,1366,2,0.0402046783625731,0.0,0.0,0.0
1240,1422,2,0.5303030303030303,1.0,1.0,1.0
1241,1432,3,0.0781050263332822,0.0,0.0,1.0
1242,1476,2,0.8333333333333333,1.0,1.0,1.0
1243,1442,1,0.1,0.0,0.0,1.0
1244,1505,2,0.29545454545454547,0.0,1.0,1.0
1245,1497,1,0.002793296089385475,0.0,0.0,0.0
1246,1555,1,0.058823529411764705,0.0,0.0,0.0
1247,1562,2,0.0787878787878788,0.0,0.0,0.0
1248,1592,2,0.5285714285714286,1.0,1.0,1.0
1251,13,1,1.0,1.0,1.0,1.0
1252,31,2,1.0,1.0,1.0,1.0
1253,31,2,1.0,1.0,1.0,1.0
1254,47,2,0.6,1.0,1.0,1.0
1255,236,2,0.016236201907619763,0.0,0.0,0.0
1258,1005,2,0.006281487833637045,0.0,0.0,0.0
1259,1270,2,0.003311494089161088,0.0,0.0,0.0
1260,1588,2,0.008557412790697674,0.0,0.0,0.0
1261,1678,2,0.006359553241384793,0.0,0.0,0.0
1262,1728,2,0.005208333333333334,0.0,0.0,0.0
1266,1982,2,0.004129182170725197,0.0,0.0,0.0
1267,2107,2,0.005396500795273801,0.0,0.0,0.0
1269,2108,2,0.0047507331378299125,0.0,0.0,0.0
1270,2334,2,0.005962384953981593,0.0,0.0,0.0
1272,2637,2,0.003388187514930996,0.0,0.0,0.0
1275,583,1,0.5,0.0,1.0,1.0
1276,1854,11,0.1911639957062997,0.0,1.0,1.0
1277,2948,2,0.0011189600080326503,0.0,0.0,0.0
1283,2917,2,0.0011253131260655243,0.0,0.0,0.0
1287,142,1,0.007194244604316547,0.0,0.0,0.0
1291,575,4,0.5934782608695652,1.0,1.0,1.0
1292,704,4,0.5113872082973207,1.0,1.0,1.0
1293,720,1,0.009708737864077669,0.0,0.0,0.0
1295,844,8,0.15248734748344206,1.0,1.0,1.0
1296,871,8,0.16776181862922326,1.0,1.0,1.0
1297,894,8,0.3094449804768569,1.0,1.0,1.0
1298,960,5,0.4110332612501287,1.0,1.0,1.0
1309,2872,9,0.013322654728897486,0.0,0.0,0.0
1312,995,1,0.001579778830963665,0.0,0.0,0.0
1313,1019,1,0.0018315018315018315,0.0,0.0,0.0
1314,1035,1,0.004273504273504274,0.0,0.0,0.0
1315,1675,10,0.374480938119884,1.0,1.0,1.0
1319,1833,1,0.0025188916876574307,0.0,0.0,0.0
1321,1972,10,0.3106207841426935,1.0,1.0,1.0
1333,2349,14,0.4173119339581722,1.0,1.0,1.0
1335,2417,1,0.0012135922330097086,0.0,0.0,0.0
1339,2440,9,0.3306680540825991,1.0,1.0,1.0
1341,2469,1,0.007936507936507936,0.0,0.0,0.0
1342,2560,1,0.001026694045174538,0.0,0.0,0.0
1343,2586,15,0.2303189430850211,1.0,1.0,1.0
1348,2649,8,0.419581185204576,1.0,1.0,1.0
1349,2694,10,0.12022301792175265,0.0,0.0,1.0
1350,2692,1,0.0005574136008918618,0.0,0.0,0.0
1352,2721,1,0.037037037037037035,0.0,0.0,0.0
1355,2767,1,0.0011402508551881414,0.0,0.0,0.0
1356,2776,1,0.001288659793814433,0.0,0.0,0.0
1357,2786,1,0.0006963788300835655,0.0,0.0,0.0
1358,2813,10,0.12252287199185671,0.0,1.0,1.0
1361,2839,9,0.32151552705583475,1.0,1.0,1.0
1366,129,1,0.017241379310344827,0.0,0.0,0.0
1367,159,1,0.043478260869565216,0.0,0.0,0.0
1368,133,1,0.023809523809523808,0.0,0.0,0.0
1369,652,1,0.003134796238244514,0.0,0.0,0.0
1370,695,1,0.017543859649122806,0.0,0.0,0.0
1371,717,1,0.0034482758620689655,0.0,0.0,0.0
1372,402,4,0.08415680231717967,0.0,0.0,1.0
1373,565,4,0.11228034875922199,0.0,1.0,1.0
1374,709,1,1.0,1.0,1.0,1.0
1376,753,8,0.04203670597117033,0.0,0.0,0.0
1377,777,8,0.20999378698052446,1.0,1.0,1.0
1378,805,8,0.37895354690461525,1.0,1.0,1.0
1379,900,5,0.24571540093552674,1.0,1.0,1.0
1380,1113,1,0.018867924528301886,0.0,0.0,0.0
1381,1164,1,0.0008904719501335708,0.0,0.0,0.0
1382,1211,1,0.01098901098901099,0.0,0.0,0.0
1384,1259,1,0.00234192037470726,0.0,0.0,0.0
1385,1327,1,0.0021321961620469083,0.0,0.0,0.0
1387,1489,1,0.02631578947368421,0.0,0.0,0.0
1390,2839,9,0.0901068087022444,0.0,1.0,1.0
1391,1702,1,0.029411764705882353,0.0,0.0,0.0
1392,1776,1,0.002347417840375587,0.0,0.0,0.0
1393,990,1,0.0017301038062283738,0.0,0.0,0.0
1394,1002,1,0.5,0.0,1.0,1.0
1395,1023,1,0.03333333333333333,0.0,0.0,0.0
1396,1601,10,0.3525407438830518,1.0,1.0,1.0
1397,1848,1,0.005319148936170213,0.0,0.0,0.0
1400,1827,1,0.0009398496240601503,0.0,0.0,0.0
1402,1906,10,0.05819739443770168,0.0,0.0,1.0
1403,2160,1,0.0055248618784530384,0.0,0.0,0.0
1404,2179,1,0.0014727540500736377,0.0,0.0,0.0
1406,2200,1,0.00202020202020202,0.0,0.0,0.0
1407,2213,1,0.001447178002894356,0.0,0.0,0.0
1408,2232,1,0.0030581039755351682,0.0,0.0,0.0
1409,2258,1,0.00129366106080207,0.0,0.0,0.0
1410,2264,1,0.004424778761061947,0.0,0.0,0.0
1411,2275,1,0.0009832841691248771,0.0,0.0,0.0
1412,2401,1,0.005235602094240838,0.0,0.0,0.0
1413,2415,1,0.00847457627118644,0.0,0.0,0.0
1414,2301,14,0.3184305278746663,1.0,1.0,1.0
1415,2440,1,0.0008389261744966443,0.0,0.0,0.0
1416,2410,1,0.00046511627906976747,0.0,0.0,0.0
1417,2483,1,0.0010298661174047373,0.0,0.0,0.0
1418,2487,1,0.0005015045135406219,0.0,0.0,0.0
1419,2501,1,0.00273224043715847,0.0,0.0,0.0
1420,2394,9,0.148599610059096,0.0,1.0,1.0
1422,2464,1,0.006622516556291391,0.0,0.0,0.0
1423,2557,1,0.001184834123222749,0.0,0.0,0.0
1424,2528,15,0.28200794777806665,1.0,1.0,1.0
1426,1533,10,0.47122751217176145,1.0,1.0,1.0
1428,840,1,0.007692307692307693,0.0,0.0,0.0
1429,1281,1,0.0008880994671403197,0.0,0.0,0.0
1432,2662,1,0.0011890606420927466,0.0,0.0,0.0
1433,2598,8,0.017400074815174353,0.0,0.0,0.0
1434,2646,10,0.18917778671507857,1.0,1.0,1.0
1435,2689,1,0.06666666666666667,0.0,0.0,0.0
1436,2707,1,0.001610305958132045,0.0,0.0,0.0
1437,2714,1,0.0625,0.0,0.0,0.0
1438,2742,1,0.005952380952380952,0.0,0.0,0.0
1439,2749,1,0.0005614823133071309,0.0,0.0,0.0
1440,2763,1,0.0004861448711716091,0.0,0.0,0.0
1441,2768,1,0.0006020469596628537,0.0,0.0,0.0
1442,2779,1,0.0011695906432748538,0.0,0.0,0.0
1443,2775,10,0.3058487568346458,1.0,1.0,1.0
1444,2805,1,0.0019305019305019305,0.0,0.0,0.0
1445,2807,1,0.0005817335660267597,0.0,0.0,0.0
1446,2810,9,0.05049738445806284,0.0,0.0,1.0
1447,2822,1,0.000500751126690035,0.0,0.0,0.0
1448,2827,1,0.0009276437847866419,0.0,0.0,0.0
1451,357,2,0.04790940766550522,0.0,0.0,0.0
1452,393,2,0.10057471264367815,0.0,0.0,1.0
1454,773,2,0.011719753403544824,0.0,0.0,0.0
1455,842,2,0.011084284460052678,0.0,0.0,0.0
1456,259,1,0.025,0.0,0.0,0.0
1457,425,1,0.01694915254237288,0.0,0.0,0.0
1458,669,5,0.253536231884058,1.0,1.0,1.0
1459,690,5,0.4580334784975504,1.0,1.0,1.0
1460,724,5,0.29878883663557165,1.0,1.0,1.0
1461,847,3,0.19016122364613477,0.0,1.0,1.0
1462,1216,2,0.013872942977420588,0.0,0.0,0.0
1463,1270,2,0.5009276437847866,1.0,1.0,1.0
1464,1341,2,0.040739442789556685,0.0,0.0,0.0
1465,1407,2,0.05938697318007662,0.0,0.0,1.0
1466,1448,2,0.018755615453728662,0.0,0.0,0.0
1467,1606,2,0.003679681440358624,0.0,0.0,0.0
1468,2843,6,0.27729334043667153,1.0,1.0,1.0
1469,1822,2,0.02234603402827702,0.0,0.0,0.0
1470,1871,2,0.011275510204081633,0.0,0.0,0.0
1471,1534,7,0.2891757062162926,1.0,1.0,1.0
1472,1964,2,0.02089864158829676,0.0,0.0,0.0
1473,1864,7,0.1635763160274327,1.0,1.0,1.0
1474,2231,2,0.016590436590436592,0.0,0.0,0.0
1475,2255,2,0.007995969155275149,0.0,0.0,0.0
1476,2270,2,0.005526430755788555,0.0,0.0,0.0
1477,2287,2,0.0035948617442801752,0.0,0.0,0.0
1478,2299,2,0.003917057196092824,0.0,0.0,0.0
1479,2328,2,0.010112412398287945,0.0,0.0,0.0
1480,2333,2,0.02125156445556946,0.0,0.0,0.0
1481,2342,2,0.013644164759725401,0.0,0.0,0.0
1482,2472,2,0.0031485917537746808,0.0,0.0,0.0
1483,2480,2,0.0037574127026608257,0.0,0.0,0.0
1484,2280,12,0.21681756988589126,1.0,1.0,1.0
1485,2510,2,0.028554175293305728,0.0,0.0,0.0
1486,2569,2,0.0017979152725506667,0.0,0.0,0.0
1487,2579,2,0.01708023159636063,0.0,0.0,0.0
1488,2588,2,0.010163899531715623,0.0,0.0,0.0
1489,2364,6,0.18311558802944938,1.0,1.0,1.0
1490,2495,12,0.17437055710985885,1.0,1.0,1.0
1491,1473,7,0.7339089481946625,1.0,1.0,1.0
1492,33,1,1.0,1.0,1.0,1.0
1493,943,2,0.008397368727442078,0.0,0.0,0.0
1494,1429,2,0.00773427082070554,0.0,0.0,0.0
1495,2221,1,0.047619047619047616,0.0,0.0,0.0
1496,2751,2,0.0021566514215706593,0.0,0.0,0.0
1497,2586,6,0.17809354304760136,1.0,1.0,1.0
1498,2624,8,0.1446084367367625,1.0,1.0,1.0
1499,2779,2,0.009369030654012917,0.0,0.0,0.0
1500,2803,2,0.008431910998450922,0.0,0.0,0.0
1501,2821,2,0.009703901322398432,0.0,0.0,0.0
1502,2771,7,0.16375681902081957,1.0,1.0,1.0
1503,2856,2,0.007616120218579235,0.0,0.0,0.0
1504,2861,2,0.0011725808563572083,0.0,0.0,0.0
1505,2811,6,0.17712408556625991,1.0,1.0,1.0
1506,2873,2,0.006935984369612689,0.0,0.0,0.0
1507,2876,2,0.006455390306845474,0.0,0.0,0.0
1509,60,1,1.0,1.0,1.0,1.0
1510,497,3,0.1896750071901064,0.0,1.0,1.0
1511,534,3,0.3796412181894034,1.0,1.0,1.0
1512,83,1,1.0,1.0,1.0,1.0
1513,853,3,0.352989352989353,1.0,1.0,1.0
1514,904,3,0.11949664522954424,0.0,1.0,1.0
1515,339,2,0.2653846153846154,0.0,1.0,1.0
1516,477,2,0.2638888888888889,0.0,1.0,1.0
1517,703,6,0.2842274213241955,1.0,1.0,1.0
1518,726,6,0.39286550685848104,1.0,1.0,1.0
1519,769,7,0.07270407676509924,0.0,1.0,1.0
1520,1321,3,0.3396644926258887,1.0,1.0,1.0
1521,1367,3,0.12133748835876496,0.0,1.0,1.0
1522,1438,3,0.3403546857957882,1.0,1.0,1.0
1523,1508,3,0.36104988980164293,1.0,1.0,1.0
1524,1553,3,0.3403360483581784,1.0,1.0,1.0
1525,1675,3,0.20272166105499437,0.0,1.0,1.0
1526,2853,7,0.05719520618275877,0.0,0.0,0.0
1527,1892,3,0.35085995085995086,1.0,1.0,1.0
1528,1948,3,0.34002378828427,1.0,1.0,1.0
1529,1575,8,0.31360850404183765,1.0,1.0,1.0
1530,2036,3,0.3393306150186884,1.0,1.0,1.0
1531,1896,9,0.27003091068116564,1.0,1.0,1.0
1532,2279,3,0.3440229794601401,1.0,1.0,1.0
1533,2304,3,0.11604033758639021,0.0,1.0,1.0
1534,2311,3,0.3369507101086049,1.0,1.0,1.0
1535,2328,3,0.33666666666666667,1.0,1.0,1.0
1536,2337,3,0.08438031764038571,0.0,1.0,1.0
1537,2371,3,0.33516442028164756,1.0,1.0,1.0
1538,2377,3,0.34334565986719157,1.0,1.0,1.0
1539,2384,3,0.07161161653416387,0.0,1.0,1.0
1540,2519,3,0.1740570599613153,0.0,1.0,1.0
1541,2529,3,0.3370650284929071,1.0,1.0,1.0
1542,2564,3,0.1767161337640248,0.0,1.0,1.0
1543,2617,3,0.16882110269516623,0.0,1.0,1.0
1544,2626,3,0.11695869844547097,0.0,1.0,1.0
1545,2640,3,0.33834081800183496,1.0,1.0,1.0
1546,2383,7,0.05270856556297776,0.0,0.0,1.0
1547,2522,14,0.09963924291054027,1.0,1.0,1.0
1549,2230,2,0.7,1.0,1.0,1.0
1550,1508,8,0.2146416067089742,0.0,1.0,1.0
1551,193,2,0.5333333333333333,1.0,1.0,1.0
1552,1002,3,0.3382801601943932,1.0,1.0,1.0
1553,1527,3,0.08688398322544662,0.0,1.0,1.0
1554,2262,2,0.25465116279069766,0.0,1.0,1.0
1555,2795,3,0.050377263581488925,0.0,0.0,1.0
1556,2818,3,0.02740031311459883,0.0,0.0,0.0
1557,2834,3,0.3454638225031273,1.0,1.0,1.0
1558,2844,3,0.3418508987405935,1.0,1.0,1.0
1559,2788,8,0.22904602369214422,1.0,1.0,1.0
1560,2880,3,0.34037687105843023,1.0,1.0,1.0
1561,2890,3,0.33589419044132884,1.0,1.0,1.0
1562,2827,8,0.1486915700557477,1.0,1.0,1.0
1563,2897,3,0.3387466698060966,1.0,1.0,1.0
1564,2903,3,0.3357762733585463,1.0,1.0,1.0
1565,131,1,1.0,1.0,1.0,1.0
1567,36,1,1.0,1.0,1.0,1.0
1568,471,3,0.06299550573145482,0.0,0.0,1.0
1569,501,3,0.3878066378066378,1.0,1.0,1.0
1570,57,1,1.0,1.0,1.0,1.0
1571,840,3,0.08322925958965209,0.0,1.0,1.0
1572,890,3,0.04567058071730969,0.0,0.0,0.0
1575,627,4,0.275240593483234,1.0,1.0,1.0
1576,649,4,0.32613008971704627,1.0,1.0,1.0
1577,701,5,0.32602608362102037,1.0,1.0,1.0
1578,836,2,0.07007575757575757,0.0,0.0,1.0
1579,1296,3,0.11801864506875896,0.0,0.0,1.0
1580,1349,3,0.011740635960799127,0.0,0.0,0.0
1581,1411,3,0.12957957957957958,0.0,1.0,1.0
1582,1495,3,0.3550259184133424,1.0,1.0,1.0
1583,1534,3,0.016007130124777183,0.0,0.0,0.0
1584,1658,3,0.3425790540803993,1.0,1.0,1.0
1585,2833,5,0.42823863636363635,1.0,1.0,1.0
1586,1873,3,0.3424372358936117,1.0,1.0,1.0
1587,1930,3,0.01824962323241067,0.0,0.0,0.0
1588,1505,6,0.6883053221288514,1.0,1.0,1.0
1589,2020,3,0.032206875786140614,0.0,0.0,0.0
1590,1847,6,0.1938930966702895,1.0,1.0,1.0
1591,2268,3,0.010629898705830273,0.0,0.0,0.0
1592,2298,3,0.018974772669583615,0.0,0.0,0.0
1593,2302,3,0.14934348449740703,0.0,1.0,1.0
1594,2318,3,0.03750342984269113,0.0,0.0,0.0
1595,2330,3,0.12366107114308554,0.0,1.0,1.0
1596,2361,3,0.00499400196487174,0.0,0.0,0.0
1597,2367,3,0.022993469278955084,0.0,0.0,0.0
1598,2374,3,0.031911601640062924,0.0,0.0,0.0
1599,2502,3,0.18668443555999778,0.0,1.0,1.0
1600,2516,3,0.35648665425201737,1.0,1.0,1.0
1601,2260,11,0.2643833915817108,1.0,1.0,1.0
1602,2551,3,0.0180136553467414,0.0,0.0,0.0
1603,2603,3,0.038934121590818827,0.0,0.0,1.0
1604,2612,3,0.012955918853921687,0.0,0.0,0.0
1605,2625,3,0.11954459203036051,0.0,1.0,1.0
1606,2356,6,0.2271957001757927,1.0,1.0,1.0
1607,2477,11,0.10116140932558432,1.0,1.0,1.0
1610,1446,7,0.5898801526880345,1.0,1.0,1.0
1611,164,2,0.1761006289308176,0.0,1.0,1.0
1612,991,3,0.1709080818684515,0.0,1.0,1.0
1613,1509,3,0.006901814316789493,0.0,0.0,0.0
1614,2252,2,0.016125253787287207,0.0,0.0,0.0
1615,2565,5,0.40698191842759857,1.0,1.0,1.0
1616,2605,7,0.1701859076356139,1.0,1.0,1.0
1617,2803,3,0.00788992016615824,0.0,0.0,0.0
1618,2827,3,0.043332343332343336,0.0,0.0,1.0
1619,2836,3,0.3388921989818851,1.0,1.0,1.0
1620,2750,6,0.1969624953851873,1.0,1.0,1.0
1621,2876,3,0.3373448914466342,1.0,1.0,1.0
1622,2877,3,0.01920720518293825,0.0,0.0,0.0
1623,2795,5,0.2095301669528291,1.0,1.0,1.0
1624,2891,3,0.06803940435280642,0.0,1.0,1.0
1625,2894,3,0.008579591789670882,0.0,0.0,0.0
1626,89,1,1.0,1.0,1.0,1.0
1628,982,6,0.01509466751663323,0.0,0.0,0.0
1629,44,1,0.16666666666666666,0.0,0.0,1.0
1630,480,3,0.09761904761904762,0.0,1.0,1.0
1631,518,3,0.48120300751879697,1.0,1.0,1.0
1632,66,1,0.2,0.0,1.0,1.0
1633,846,3,0.4070707070707071,1.0,1.0,1.0
1634,900,3,0.3473319676129158,1.0,1.0,1.0
1637,420,4,0.08992376992376994,0.0,1.0,1.0
1638,466,4,0.03687052788624151,0.0,0.0,0.0
1639,555,4,0.3220986685888738,1.0,1.0,1.0
1640,742,2,0.015731292517006803,0.0,0.0,0.0
1641,1307,3,0.12445330969267138,0.0,1.0,1.0
1642,1355,3,0.017358638172035302,0.0,0.0,0.0
1643,1419,3,0.3626509530045104,1.0,1.0,1.0
1644,1501,3,0.05316953316953318,0.0,0.0,0.0
1645,1544,3,0.11609067261241174,0.0,1.0,1.0
1646,1664,3,0.06297693431161581,0.0,0.0,1.0
1647,2795,5,0.21165294244282634,1.0,1.0,1.0
1648,1882,3,0.399108138238573,1.0,1.0,1.0
1649,1935,3,0.33538553678208216,1.0,1.0,1.0
1650,1384,6,0.24832915622389307,1.0,1.0,1.0
1651,2025,3,0.027400703871292106,0.0,0.0,0.0
1652,1752,6,0.24592954126085928,1.0,1.0,1.0
1653,2267,3,0.33551831113319447,1.0,1.0,1.0
1654,2297,3,0.34083030703202377,1.0,1.0,1.0
1655,2303,3,0.3394745724572457,1.0,1.0,1.0
1656,2321,3,0.014045633231377247,0.0,0.0,0.0
1657,2329,3,0.33763776975085674,1.0,1.0,1.0
1658,2359,3,0.010102390854710987,0.0,0.0,0.0
1659,2366,3,0.34347141610712795,1.0,1.0,1.0
1660,2374,3,0.33902682819559393,1.0,1.0,1.0
1661,2503,3,0.34272440025982315,1.0,1.0,1.0
1662,2513,3,0.35399385560675883,1.0,1.0,1.0
1663,2195,11,0.21233722052297405,1.0,1.0,1.0
1664,2550,3,0.07739986187845305,0.0,1.0,1.0
1665,2605,3,0.06940465116279071,0.0,1.0,1.0
1666,2616,3,0.08648166227823635,0.0,1.0,1.0
1667,2630,3,0.11763760698301977,0.0,1.0,1.0
1668,2303,5,0.0893163404219979,0.0,1.0,1.0
1669,2421,11,0.17494346367772382,1.0,1.0,1.0
1670,627,1,0.0056179775280898875,0.0,0.0,0.0
1672,1317,6,0.27392307681650435,1.0,1.0,1.0
1673,178,2,0.025757575757575757,0.0,0.0,0.0
1674,996,3,0.014608210912432126,0.0,0.0,0.0
1675,1518,3,0.058255189581192635,0.0,0.0,1.0
1676,2253,2,0.010789077866481546,0.0,0.0,0.0
1677,2489,5,0.2428527046920333,1.0,1.0,1.0
1678,2550,7,0.1632050198406665,1.0,1.0,1.0
1679,2804,3,0.02514389997281068,0.0,0.0,0.0
1680,2827,3,0.04584304584304585,0.0,0.0,0.0
1681,2836,3,0.030091819871501637,0.0,0.0,0.0
1682,2691,6,0.2857636791027824,1.0,1.0,1.0
1683,2873,3,0.038432526705908,0.0,0.0,0.0
1684,2880,3,0.11331685658835916,0.0,1.0,1.0
1685,2755,5,0.20879464397395703,1.0,1.0,1.0
1686,2889,3,0.015691327237461902,0.0,0.0,0.0
1687,2894,3,0.048137636162161025,0.0,0.0,1.0
1688,107,1,0.2,0.0,1.0,1.0
1689,2587,1,0.001644736842105263,0.0,0.0,0.0
1690,902,6,0.03844292467413168,0.0,0.0,0.0
1692,935,5,0.010974284717145052,0.0,0.0,0.0
1695,2222,2,0.0016642032306993944,0.0,0.0,0.0
1696,448,4,0.08841018532029768,0.0,1.0,1.0
1697,821,6,0.2894005847953216,0.0,1.0,1.0
1698,587,4,0.02822686799566038,0.0,0.0,0.0
1699,982,6,0.2056712563566813,1.0,1.0,1.0
1700,1043,6,0.20689870614250527,1.0,1.0,1.0
1701,49,1,0.0625,0.0,0.0,0.0
1702,108,1,0.25,0.0,1.0,1.0
1703,249,2,0.1736111111111111,0.0,1.0,1.0
1705,1530,6,0.20600149811349533,1.0,1.0,1.0
1706,1567,6,0.19152742689098343,1.0,1.0,1.0
1707,1634,6,0.27735385146889574,1.0,1.0,1.0
1708,1690,6,0.4085668751815428,1.0,1.0,1.0
1709,1752,6,0.19903037208005236,1.0,1.0,1.0
1710,1826,6,0.3161724646373769,1.0,1.0,1.0
1711,2684,2,0.012566137566137565,0.0,0.0,0.0
1712,2052,6,0.41800697707178425,1.0,1.0,1.0
1713,2114,6,0.1901923645616795,1.0,1.0,1.0
1714,1179,4,0.15795265796781607,0.0,1.0,1.0
1715,2135,6,0.2008873547276455,1.0,1.0,1.0
1716,1632,3,0.006774903266203592,0.0,0.0,0.0
1717,2351,6,0.07497777514421654,0.0,1.0,1.0
1718,2381,6,0.17748142367139405,1.0,1.0,1.0
1719,2413,6,0.17130077840859761,1.0,1.0,1.0
1720,2409,6,0.17973952797557088,1.0,1.0,1.0
1721,2431,6,0.18103802076103825,1.0,1.0,1.0
1722,2442,6,0.17180955831119213,1.0,1.0,1.0
1723,2474,6,0.17787535898068305,1.0,1.0,1.0
1724,2466,6,0.2301709679465657,1.0,1.0,1.0
1725,2598,6,0.18601169646680424,1.0,1.0,1.0
1726,2623,6,0.1880674668941599,1.0,1.0,1.0
1727,2059,9,0.2834266423130441,1.0,1.0,1.0
1728,2649,6,0.18546655802082002,1.0,1.0,1.0
1729,2711,6,0.18327781317839784,1.0,1.0,1.0
1730,2740,6,0.19616218517057757,1.0,1.0,1.0
1731,2752,6,0.18345280325740976,1.0,1.0,1.0
1732,2205,3,0.04640079022101493,0.0,0.0,0.0
1733,2319,8,0.291435613692095,1.0,1.0,1.0
1734,857,3,0.015497047297300476,0.0,0.0,0.0
1735,1130,4,0.5553221288515406,1.0,1.0,1.0
1736,563,5,0.35946441843180976,1.0,1.0,1.0
1737,1162,6,0.21456717263363093,1.0,1.0,1.0
1738,1724,6,0.18635133827631423,1.0,1.0,1.0
1739,2330,5,0.20552886069085172,1.0,1.0,1.0
1740,2402,2,0.004725497626106146,0.0,0.0,0.0
1741,2440,5,0.10499201938137796,0.0,1.0,1.0
1742,2846,6,0.1780376084910391,1.0,1.0,1.0
1743,2865,6,0.21214610128905523,1.0,1.0,1.0
1744,2884,6,0.3403819113537783,1.0,1.0,1.0
1745,2584,3,0.11867480805271748,0.0,1.0,1.0
1746,2907,6,0.23763474217000013,1.0,1.0,1.0
1747,2917,6,0.1781891452431756,1.0,1.0,1.0
1748,2642,3,0.004043393901627271,0.0,0.0,0.0
1749,2917,6,0.19412005578559646,1.0,1.0,1.0
1750,2918,6,0.18576135062846608,1.0,1.0,1.0
1751,614,4,0.024766098851464705,0.0,0.0,0.0
1752,720,3,0.344693432928727,1.0,1.0,1.0
1753,371,1,0.0030581039755351682,0.0,0.0,0.0
1754,766,3,0.35326021161715215,1.0,1.0,1.0
1755,2099,1,0.00072992700729927,0.0,0.0,0.0
1756,2186,1,0.00046468401486988845,0.0,0.0,0.0
1759,396,2,0.019053639154776952,0.0,0.0,0.0
1761,824,4,0.2627720855784174,1.0,1.0,1.0
1763,2924,9,0.20292293959646857,1.0,1.0,1.0
1767,1254,3,0.005652219184375809,0.0,0.0,0.0
1774,2865,9,0.21431315241338095,1.0,1.0,1.0
1775,2886,3,0.007099482700641493,0.0,0.0,0.0
1776,2896,2,0.002328478931350722,0.0,0.0,0.0
1777,2918,5,0.2552516770793579,1.0,1.0,1.0
1778,2919,8,0.07121147266691066,0.0,1.0,1.0
1779,627,4,0.619092039800995,1.0,1.0,1.0
1780,670,4,0.3805821371610845,1.0,1.0,1.0
1781,1061,6,0.23442317916002128,1.0,1.0,1.0
1782,1116,6,0.2233268804910512,1.0,1.0,1.0
1783,57,1,0.25,0.0,1.0,1.0
1784,117,1,1.0,1.0,1.0,1.0
1785,264,2,0.09825870646766169,0.0,0.0,1.0
1787,1630,7,0.17705257688032258,1.0,1.0,1.0
1788,1641,6,0.186647485394248,1.0,1.0,1.0
1789,1704,7,0.2578835066478813,1.0,1.0,1.0
1790,1761,7,0.5742345565043464,1.0,1.0,1.0
1791,1810,6,0.21694002126805464,1.0,1.0,1.0
1792,1908,6,0.3519566034090666,1.0,1.0,1.0
1793,2683,2,0.5050505050505051,1.0,1.0,1.0
1794,2124,7,0.3666425217368869,1.0,1.0,1.0
1795,2128,7,0.23591829496864497,1.0,1.0,1.0
1796,1181,4,0.15855293959568093,0.0,1.0,1.0
1797,2185,7,0.1846703969923547,1.0,1.0,1.0
1798,1635,3,0.00910532501009177,0.0,0.0,0.0
1799,2397,7,0.18153620443621038,1.0,1.0,1.0
1800,2430,7,0.15752174199335597,1.0,1.0,1.0
1801,2441,7,0.15283544693558745,1.0,1.0,1.0
1802,2459,7,0.1803018533458986,1.0,1.0,1.0
1803,2469,7,0.15397356885626431,1.0,1.0,1.0
1804,2483,6,0.17555220228037313,1.0,1.0,1.0
1805,2494,7,0.1670292224276555,1.0,1.0,1.0
1806,2516,7,0.16655795371164434,1.0,1.0,1.0
1807,2647,7,0.1654041904205306,1.0,1.0,1.0
1808,2675,7,0.15618986813053426,1.0,1.0,1.0
1809,2056,9,0.08170433564041005,0.0,0.0,0.0
1810,2701,7,0.1639650331874169,1.0,1.0,1.0
1811,2761,7,0.1643982313700971,1.0,1.0,1.0
1812,2769,7,0.2718264404407798,1.0,1.0,1.0
1813,2772,6,0.21426085123681912,1.0,1.0,1.0
1814,2205,3,0.3402449922105446,1.0,1.0,1.0
1815,2317,8,0.02299781718780033,0.0,0.0,0.0
1816,947,3,0.03624608150470219,0.0,0.0,0.0
1817,1135,4,0.5175438596491229,1.0,1.0,1.0
1818,721,5,0.31841710758377423,1.0,1.0,1.0
1819,1270,6,0.23897305729386484,1.0,1.0,1.0
1820,1791,7,0.20473275980847377,1.0,1.0,1.0
1821,2372,6,0.19958958869637589,1.0,1.0,1.0
1822,2401,2,0.008508771929824561,0.0,0.0,0.0
1823,2441,5,0.01118741597179983,0.0,0.0,0.0
1824,2865,6,0.18070850238462047,1.0,1.0,1.0
1825,2894,7,0.19597311651299174,1.0,1.0,1.0
1826,2898,7,0.34186601907492103,1.0,1.0,1.0
1827,2585,3,0.011789589914589916,0.0,0.0,0.0
1828,2916,6,0.3237476691782229,1.0,1.0,1.0
1829,2918,6,0.18808430166886148,1.0,1.0,1.0
1830,2641,3,0.015122110112350843,0.0,0.0,0.0
1831,2924,7,0.19215087152409646,1.0,1.0,1.0
1832,2926,6,0.18897505121770153,1.0,1.0,1.0
1833,684,4,0.551825495049505,1.0,1.0,1.0
1834,725,3,0.03222266364537045,0.0,0.0,0.0
1835,567,1,0.003067484662576687,0.0,0.0,0.0
1836,771,3,0.10424242424242423,0.0,1.0,1.0
1837,2145,1,0.0010672358591248667,0.0,0.0,0.0
1838,2230,1,0.0005470459518599562,0.0,0.0,0.0
1841,407,2,0.07653061224489796,0.0,0.0,1.0
1843,825,4,0.18722002635046114,0.0,1.0,1.0
1845,2925,9,0.0376981925394322,0.0,0.0,1.0
1849,1255,3,0.115630247154532,0.0,1.0,1.0
1856,2863,9,0.03219414640766972,0.0,0.0,0.0
1857,2885,3,0.01506794261822376,0.0,0.0,0.0
1858,2895,2,0.027277904328018226,0.0,0.0,0.0
1859,2917,5,0.032123449252690235,0.0,0.0,0.0
1860,2919,8,0.13598931739508083,1.0,1.0,1.0
1861,764,6,0.6704906204906204,1.0,1.0,1.0
1862,782,7,0.6216340495142338,1.0,1.0,1.0
1863,1170,8,0.4587567670953973,1.0,1.0,1.0
1864,1194,8,0.2931394075371856,1.0,1.0,1.0
1865,106,1,0.14285714285714285,0.0,0.0,1.0
1866,161,1,1.0,1.0,1.0,1.0
1867,1692,9,0.4534834956527675,1.0,1.0,1.0
1868,1712,9,0.4794579525012,1.0,1.0,1.0
1869,1758,9,0.46595121012936375,1.0,1.0,1.0
1870,1836,9,0.6297349964976083,1.0,1.0,1.0
1871,1873,9,0.2984664665204322,1.0,1.0,1.0
1872,2097,8,0.44677112145161124,1.0,1.0,1.0
1873,2707,2,0.04540598290598291,0.0,0.0,0.0
1874,2171,9,0.5348679559205876,1.0,1.0,1.0
1875,2179,9,0.3500721174533321,1.0,1.0,1.0
1876,2225,9,0.4726609427441568,1.0,1.0,1.0
1877,1666,3,0.006814629251994826,0.0,0.0,0.0
1878,2444,9,0.47417597740380796,1.0,1.0,1.0
1879,2473,9,0.44959863081814305,1.0,1.0,1.0
1880,2483,9,0.42280995703242624,1.0,1.0,1.0
1881,2509,9,0.38206983614425866,1.0,1.0,1.0
1882,2527,9,0.31356500344724214,1.0,1.0,1.0
1883,2544,9,0.2838668599374192,1.0,1.0,1.0
1884,2549,9,0.3748679463536346,1.0,1.0,1.0
1885,2570,9,0.4945064790674178,1.0,1.0,1.0
1886,2695,9,0.4995587711159172,1.0,1.0,1.0
1887,2722,9,0.3038474933910462,1.0,1.0,1.0
1888,2763,9,0.4527290975227717,1.0,1.0,1.0
1889,2798,9,0.223158248882229,1.0,1.0,1.0
1890,2808,9,0.35277584233203596,1.0,1.0,1.0
1891,2819,9,0.33875520766206024,0.0,1.0,1.0
1892,2335,8,0.05811004464259994,0.0,0.0,1.0
1893,1037,5,0.41278597332349865,1.0,1.0,1.0
1894,829,7,0.46485035572670635,1.0,1.0,1.0
1895,1356,9,0.5669316226799238,1.0,1.0,1.0
1896,1855,9,0.46469113408153667,1.0,1.0,1.0
1897,2419,8,0.477672465313272,1.0,1.0,1.0
1898,2430,2,0.0017972228177931364,0.0,0.0,0.0
1899,2903,9,0.1446355456579029,1.0,1.0,1.0
1900,2916,9,0.5332928357983938,1.0,1.0,1.0
1901,2921,9,0.510081525381557,1.0,1.0,1.0
1902,2613,3,0.017712938402593578,0.0,0.0,0.0
1903,2941,9,0.4717379245329847,1.0,1.0,1.0
1904,2944,9,0.4082004686131405,1.0,1.0,1.0
1905,2947,8,0.33000785537131694,1.0,1.0,1.0
1906,2951,9,0.3009679950922522,1.0,1.0,1.0
1907,805,7,0.6238095238095237,1.0,1.0,1.0
1908,759,3,0.07818428184281843,0.0,1.0,1.0
1909,725,3,0.3365338859467342,1.0,1.0,1.0
1910,2196,4,0.5595305429864253,1.0,1.0,1.0
1911,2298,3,0.03732643637937847,0.0,0.0,1.0
1912,307,3,0.6936936936936937,1.0,1.0,1.0
1913,448,2,0.08818770226537216,0.0,0.0,1.0
1914,1142,2,0.5080645161290323,1.0,1.0,1.0
1915,1235,2,0.5031847133757962,1.0,1.0,1.0
1916,2942,9,0.017297791728471807,0.0,0.0,0.0
1917,1404,3,0.6693051890941074,1.0,1.0,1.0
1918,1499,3,0.5019607843137255,1.0,1.0,1.0
1919,1470,3,0.47142857142857136,1.0,1.0,1.0
1920,2060,2,0.52,1.0,1.0,1.0
1921,2108,2,0.09126984126984126,0.0,0.0,1.0
1923,2395,2,0.2537735849056604,0.0,1.0,1.0
1924,2637,3,0.3351095322676139,0.0,1.0,1.0
1925,2857,2,0.08510324483775811,0.0,0.0,1.0
1926,2904,3,0.0022147204045587514,0.0,0.0,0.0
1927,2932,5,0.032341120426973874,0.0,0.0,1.0
1928,2938,8,0.04381598415707713,0.0,1.0,1.0
1930,715,6,0.8234126984126983,1.0,1.0,1.0
1931,728,5,0.4140874811463046,1.0,1.0,1.0
1932,1115,7,0.4219670019002199,1.0,1.0,1.0
1933,1142,7,0.22844155095694013,0.0,1.0,1.0
1936,111,1,0.2,0.0,1.0,1.0
1937,1631,7,0.4330805236448492,1.0,1.0,1.0
1938,1658,7,0.4276693665631933,1.0,1.0,1.0
1939,1707,7,0.37053280757512264,1.0,1.0,1.0
1940,1772,7,0.5384607393709063,1.0,1.0,1.0
1941,1822,7,0.24059027962224452,1.0,1.0,1.0
1942,2044,7,0.35877428299788544,1.0,1.0,1.0
1943,2633,1,0.02040816326530612,0.0,0.0,0.0
1944,2125,7,0.3756290661137074,1.0,1.0,1.0
1945,2132,7,0.22839056597410048,1.0,1.0,1.0
1946,1107,3,0.4598290598290598,1.0,1.0,1.0
1947,2186,7,0.2958493751991112,1.0,1.0,1.0
1948,1564,2,0.00784313725490196,0.0,0.0,0.0
1949,2395,7,0.07811519741337901,0.0,0.0,1.0
1950,2431,7,0.2251748725770078,0.0,1.0,1.0
1951,2436,7,0.2790792495422197,1.0,1.0,1.0
1952,2458,7,0.07521885301692033,0.0,1.0,1.0
1953,2474,7,0.3142152862002087,1.0,1.0,1.0
1954,2492,7,0.08201721645984206,0.0,1.0,1.0
1955,2502,7,0.1625331679383574,1.0,1.0,1.0
1956,2518,7,0.23742692019438946,1.0,1.0,1.0
1957,2643,7,0.363949436765485,1.0,1.0,1.0
1958,2674,7,0.14119892858891844,0.0,1.0,1.0
1959,1881,8,0.06943335997967293,0.0,0.0,0.0
1960,2705,7,0.2877195527131415,1.0,1.0,1.0
1961,2761,7,0.06947457192155777,0.0,0.0,1.0
1962,2765,7,0.12770620275019556,0.0,1.0,1.0
1963,2776,7,0.14626910224584838,0.0,1.0,1.0
1964,2162,2,0.0030028254155989222,0.0,0.0,0.0
1965,2174,7,0.012663456905524053,0.0,0.0,0.0
1966,1071,5,0.3493937802310399,1.0,1.0,1.0
1967,1064,3,0.08777777777777777,0.0,0.0,1.0
1968,775,6,0.41623091703305604,1.0,1.0,1.0
1969,1289,7,0.41327983591478906,1.0,1.0,1.0
1970,1807,7,0.20252000512869356,1.0,1.0,1.0
1971,2378,6,0.20307969542492135,1.0,1.0,1.0
1972,2354,1,0.125,0.0,0.0,1.0
1973,2386,4,0.012173772794170715,0.0,0.0,0.0
1974,2867,7,0.05430515543183491,0.0,1.0,1.0
1975,2888,7,0.29051684604689176,1.0,1.0,1.0
1976,2895,7,0.31359324267028316,1.0,1.0,1.0
1977,2533,2,0.008999078045456368,0.0,0.0,0.0
1978,2909,7,0.31107844820115865,1.0,1.0,1.0
1979,2913,7,0.2377215558018237,1.0,1.0,1.0
1980,2590,2,0.009025814961371774,0.0,0.0,0.0
1981,2925,7,0.04339653681083384,0.0,0.0,1.0
1982,753,5,0.6782051282051282,1.0,1.0,1.0
1983,598,2,0.10087719298245613,0.0,0.0,1.0
1984,690,3,0.17101825822756056,0.0,1.0,1.0
1985,672,2,0.13347457627118645,0.0,1.0,1.0
1986,2155,2,0.010615271253569127,0.0,0.0,0.0
1987,2286,3,0.11527767764132518,0.0,1.0,1.0
1988,218,2,0.1488095238095238,0.0,1.0,1.0
1989,232,1,0.018867924528301886,0.0,0.0,0.0
1990,1098,2,0.0858085808580858,0.0,0.0,1.0
1991,753,3,0.07371096586782862,0.0,0.0,0.0
1992,1176,1,0.024390243902439025,0.0,0.0,0.0
1993,2908,8,0.011345123939739687,0.0,0.0,0.0
1994,1334,1,0.017857142857142856,0.0,0.0,0.0
1995,1425,1,0.0034602076124567475,0.0,0.0,0.0
1996,1387,1,0.004149377593360996,0.0,0.0,0.0
1997,1169,2,0.010658118253054962,0.0,0.0,0.0
1998,2027,2,0.13846153846153847,0.0,1.0,1.0
1999,2058,1,0.013513513513513514,0.0,0.0,0.0
2000,2351,1,0.009174311926605505,0.0,0.0,0.0
2001,2585,1,0.004405286343612335,0.0,0.0,0.0
2002,2826,1,0.004405286343612335,0.0,0.0,0.0
2003,2839,8,0.008515160827174111,0.0,0.0,0.0
2004,2852,2,0.001176314161357198,0.0,0.0,0.0
2005,2863,1,0.0022935779816513763,0.0,0.0,0.0
2006,2902,4,0.015190783035610621,0.0,0.0,0.0
2007,2905,7,0.0818711838212829,0.0,0.0,0.0
2016,779,8,0.5365977148985316,1.0,1.0,1.0
2017,793,7,0.25548667122462454,1.0,1.0,1.0
2018,1188,9,0.4340848821789285,1.0,1.0,1.0
2019,1209,10,0.2763564697254005,1.0,1.0,1.0
2021,1673,8,0.3442456406470959,1.0,1.0,1.0
2022,1692,9,0.3282692571512844,1.0,1.0,1.0
2023,1730,9,0.43264791327671653,1.0,1.0,1.0
2024,1813,8,0.3421641996187858,1.0,1.0,1.0
2025,1853,8,0.2291185649614413,0.0,1.0,1.0
2026,2083,8,0.35837987099068114,1.0,1.0,1.0
2028,2144,8,0.41450538548752835,1.0,1.0,1.0
2029,2160,9,0.2397041019095252,1.0,1.0,1.0
2030,977,2,0.10512820512820513,0.0,0.0,0.0
2031,2204,8,0.3659630442021034,1.0,1.0,1.0
2032,1361,1,0.01020408163265306,0.0,0.0,0.0
2033,2415,8,0.07832703542420072,0.0,1.0,1.0
2034,2443,8,0.2941759860194469,1.0,1.0,1.0
2035,2453,8,0.3109286563438675,1.0,1.0,1.0
2036,2483,9,0.18410075061599532,1.0,1.0,1.0
2037,2502,8,0.3494662804524973,1.0,1.0,1.0
2038,2518,8,0.041436284406103835,0.0,1.0,1.0
2039,2523,8,0.26191880955899605,1.0,1.0,1.0
2040,2538,8,0.29776863111199503,1.0,1.0,1.0
2041,2664,9,0.19985316033724723,1.0,1.0,1.0
2042,2693,9,0.10246256783340288,0.0,1.0,1.0
2043,1708,7,0.35817267527793845,1.0,1.0,1.0
2044,2729,8,0.30842527743442594,1.0,1.0,1.0
2045,2770,8,0.16208072555718514,1.0,1.0,1.0
2046,2777,8,0.16119828968051572,1.0,1.0,1.0
2047,2794,8,0.17536712367177154,1.0,1.0,1.0
2048,2038,1,0.001584786053882726,0.0,0.0,0.0
2049,2098,6,0.18400075460848575,1.0,1.0,1.0
2050,1132,6,0.3619970593601425,1.0,1.0,1.0
2051,953,2,0.17763157894736842,0.0,1.0,1.0
2052,833,8,0.4002258632251171,1.0,1.0,1.0
2053,1340,8,0.31324552695900837,1.0,1.0,1.0
2054,1837,8,0.2107386849157497,1.0,1.0,1.0
2055,2393,7,0.3705735125515184,1.0,1.0,1.0
2057,2299,3,0.007738980671250968,0.0,0.0,0.0
2058,2873,8,0.06314587966911124,0.0,0.0,1.0
2059,2892,8,0.5556346867723633,1.0,1.0,1.0
2060,2897,9,0.21263473826521057,1.0,1.0,1.0
2061,2434,1,0.0009267840593141798,0.0,0.0,0.0
2062,2483,1,0.02702702702702703,0.0,0.0,0.0
2063,812,7,0.37233505530358596,1.0,1.0,1.0
2065,754,3,0.013728383875062047,0.0,0.0,0.0
2066,471,1,0.0625,0.0,0.0,0.0
2067,2170,3,0.0062863980633964915,0.0,0.0,0.0
2068,2313,4,0.0045689279386469245,0.0,0.0,0.0
2070,1172,3,0.008559584663956373,0.0,0.0,0.0
2071,507,2,0.07019704433497537,0.0,0.0,0.0
2072,1236,2,0.2777777777777778,0.0,1.0,1.0
2073,2892,7,0.3613364874657695,1.0,1.0,1.0
2074,1384,2,0.027527527527527525,0.0,0.0,0.0
2075,1487,3,0.034804513203130716,0.0,0.0,0.0
2076,1456,3,0.021335902376364804,0.0,0.0,0.0
2077,1036,1,0.004761904761904762,0.0,0.0,0.0
2078,2060,3,0.02066170544431414,0.0,0.0,0.0
2079,2100,2,0.017834890965732087,0.0,0.0,0.0
2080,2378,2,0.010440251572327044,0.0,0.0,0.0
2081,2613,3,0.05452847805788982,0.0,0.0,0.0
2082,2838,3,0.006555217360998165,0.0,0.0,0.0
2083,2786,7,0.29885407475777775,1.0,1.0,1.0
2084,2800,1,0.018867924528301886,0.0,0.0,0.0
2086,2852,3,0.011267078714308265,0.0,0.0,0.0
2087,2886,6,0.4319154574968529,1.0,1.0,1.0
2088,562,1,0.1111111111111111,0.0,0.0,1.0
2096,733,2,0.06886792452830189,0.0,0.0,1.0
2097,1081,2,0.05333333333333333,0.0,0.0,0.0
2100,1493,2,0.020535714285714286,0.0,0.0,0.0
2101,1917,1,0.005291005291005291,0.0,0.0,0.0
2102,1976,2,0.0029997379068586495,0.0,0.0,0.0
2103,2832,6,0.1862959919298316,1.0,1.0,1.0
2104,2894,2,0.008829632703880473,0.0,0.0,0.0
2105,1052,9,0.41177599634960976,1.0,1.0,1.0
2106,1527,11,0.14901504986451006,1.0,1.0,1.0
2107,1891,11,0.22870058566104462,1.0,1.0,1.0
2108,2022,11,0.6158423563092135,1.0,1.0,1.0
2109,2067,11,0.17840976644122375,1.0,1.0,1.0
2110,2268,11,0.03178954629528634,0.0,0.0,0.0
2111,2288,11,0.41155888775625427,1.0,1.0,1.0
2112,847,1,0.03225806451612903,0.0,0.0,0.0
2114,2605,11,0.13285120834474975,1.0,1.0,1.0
2115,2587,11,0.34686591337995343,1.0,1.0,1.0
2116,2688,11,0.1914205743552973,1.0,1.0,1.0
2117,2644,11,0.20949567719236198,1.0,1.0,1.0
2118,2655,11,0.1375703054915203,1.0,1.0,1.0
2119,2672,11,0.28992713873742565,1.0,1.0,1.0
2120,2691,11,0.2288559718485175,1.0,1.0,1.0
2121,2783,11,0.2662853841745541,1.0,1.0,1.0
2122,2820,11,0.2606069362517702,1.0,1.0,1.0
2123,1573,6,0.39286111296382753,1.0,1.0,1.0
2124,2832,11,0.2989463936193739,1.0,1.0,1.0
2125,2858,11,0.0827481098553367,0.0,1.0,1.0
2126,2864,11,0.010413364186828694,0.0,0.0,0.0
2128,1888,5,0.4050546700075485,1.0,1.0,1.0
2129,1416,8,0.14294382090420468,0.0,1.0,1.0
2130,798,1,0.058823529411764705,0.0,0.0,0.0
2131,1103,10,0.4457028966110041,1.0,1.0,1.0
2132,2054,11,0.2103828380632602,1.0,1.0,1.0
2133,2551,10,0.3499569397750512,1.0,1.0,1.0
2134,2208,2,0.013007217321571772,0.0,0.0,0.0
2137,1076,9,0.38693795073323534,1.0,1.0,1.0
2140,2448,6,0.06400859698207607,0.0,1.0,1.0
2141,2446,6,0.10453107246423794,0.0,1.0,1.0
2142,128,1,0.1111111111111111,0.0,0.0,1.0
2143,1588,5,0.08717363474347162,0.0,1.0,1.0
2144,2848,6,0.2501042363690418,1.0,1.0,1.0
2145,1763,5,0.06699028443493052,0.0,1.0,1.0
2146,1728,5,0.22143838999949228,1.0,1.0,1.0
2148,2220,5,0.029018650449925555,0.0,0.0,0.0
2149,2248,5,0.0594109654695524,0.0,0.0,0.0
2150,2776,5,0.27594232485397663,1.0,1.0,1.0
2151,2702,6,0.2409455673313138,1.0,1.0,1.0
2153,2799,2,0.05072516316171139,0.0,0.0,1.0
2154,2837,5,0.043638975966562174,0.0,0.0,0.0
2155,839,2,0.05505279034690799,0.0,0.0,0.0
2156,1252,2,0.017580287929125138,0.0,0.0,0.0
2157,950,1,0.02564102564102564,0.0,0.0,0.0
2158,499,1,1.0,1.0,1.0,1.0
2159,941,1,0.0625,0.0,0.0,0.0
2160,2842,1,0.0006779661016949153,0.0,0.0,0.0
2161,1629,1,0.03225806451612903,0.0,0.0,0.0
2162,1292,1,0.07692307692307693,0.0,0.0,0.0
2164,1817,1,0.07142857142857142,0.0,0.0,0.0
2165,2773,5,0.4065056783839524,1.0,1.0,1.0
2166,2541,4,0.06058487778673113,0.0,0.0,1.0
2167,2830,5,0.3055395205357737,1.0,1.0,1.0
2172,1631,6,0.12024751694335106,0.0,1.0,1.0
2179,2173,6,0.21549430069550904,1.0,1.0,1.0
2181,1174,10,0.44100262737099616,1.0,1.0,1.0
2182,1662,12,0.3624381034552069,1.0,1.0,1.0
2183,2078,12,0.1061682767970803,0.0,1.0,1.0
2184,2217,12,0.45956054268323515,1.0,1.0,1.0
2185,2261,12,0.07957562894467199,0.0,1.0,1.0
2186,2431,12,0.36768723310535073,1.0,1.0,1.0
2187,2558,12,0.2659451384965652,1.0,1.0,1.0
2189,2759,12,0.36511639751059394,1.0,1.0,1.0
2190,2789,12,0.24962117553249663,1.0,1.0,1.0
2191,2827,12,0.16892236379651818,1.0,1.0,1.0
2192,2844,12,0.08780421039678743,0.0,1.0,1.0
2193,2866,12,0.2761342022344511,1.0,1.0,1.0
2194,1511,5,0.4635135135135135,1.0,1.0,1.0
2195,1839,4,0.009240888491539789,0.0,0.0,0.0
2197,1277,11,0.26153855004148574,1.0,1.0,1.0
2198,2228,12,0.0688802485104721,0.0,1.0,1.0
2199,2718,11,0.22867879045411135,1.0,1.0,1.0
2200,2179,1,0.007407407407407408,0.0,0.0,0.0
2201,1214,10,0.5729810551037863,1.0,1.0,1.0
2202,2592,7,0.5284638541225235,1.0,1.0,1.0
2203,2678,7,0.11232609086331517,0.0,1.0,1.0
2205,1750,6,0.2759917671478518,1.0,1.0,1.0
2206,2839,5,0.018145604568679048,0.0,0.0,0.0
2207,1941,6,0.41403566244435325,1.0,1.0,1.0
2208,2503,6,0.3032421066901403,1.0,1.0,1.0
2209,2661,5,0.013339328260483566,0.0,0.0,0.0
2210,2782,1,0.00044742729306487697,0.0,0.0,0.0
2211,2826,4,0.28264355704128963,1.0,1.0,1.0
2212,952,3,0.0882173382173382,0.0,0.0,1.0
2213,1415,3,0.12584175084175084,0.0,0.0,1.0
2214,1057,2,0.5121951219512195,1.0,1.0,1.0
2217,1843,2,0.044172932330827065,0.0,0.0,0.0
2220,2733,4,0.024063240376962964,0.0,0.0,0.0
2221,2848,1,0.009433962264150943,0.0,0.0,0.0
2222,2484,3,0.0067135855561575065,0.0,0.0,0.0
2223,2813,4,0.006114187354982028,0.0,0.0,0.0
2224,115,1,1.0,1.0,1.0,1.0
2225,257,1,0.3333333333333333,0.0,1.0,1.0
2226,440,1,1.0,1.0,1.0,1.0
2228,1862,1,0.1,0.0,0.0,1.0
2229,1574,5,0.053262506226428516,0.0,0.0,1.0
2231,2045,1,0.010869565217391304,0.0,0.0,0.0
2232,2144,1,0.08333333333333333,0.0,0.0,0.0
2233,2179,1,0.00558659217877095,0.0,0.0,0.0
2234,2335,1,0.017543859649122806,0.0,0.0,0.0
2235,2370,1,0.016129032258064516,0.0,0.0,0.0
2236,2402,1,1.0,1.0,1.0,1.0
2237,2141,5,0.08227051925696298,0.0,0.0,1.0
2238,2630,1,0.3333333333333333,0.0,1.0,1.0
2249,1557,11,0.23925489853200455,1.0,1.0,1.0
2250,2072,13,0.2634782510415336,1.0,1.0,1.0
2251,2261,13,0.2121129820097599,1.0,1.0,1.0
2252,2388,13,0.6101190092769886,1.0,1.0,1.0
2253,2484,13,0.11725592254603984,0.0,1.0,1.0
2254,2582,13,0.15555499277430762,0.0,1.0,1.0
2255,2719,13,0.35165921689319146,1.0,1.0,1.0
2256,1042,4,0.08092423086702263,0.0,0.0,1.0
2257,1382,3,0.04642406204906205,0.0,0.0,0.0
2258,1597,12,0.256340931272134,1.0,1.0,1.0
2259,2451,13,0.19905499452906764,1.0,1.0,1.0
2261,2437,1,0.0007836990595611285,0.0,0.0,0.0
2262,2082,7,0.2155244794703261,1.0,1.0,1.0
2263,2193,4,0.013360922529183875,0.0,0.0,0.0
2264,2150,7,0.3139228805693731,1.0,1.0,1.0
2265,1887,4,0.022684268095886057,0.0,0.0,0.0
2267,2483,3,0.1986161986161986,0.0,0.0,1.0
2268,1253,4,0.25977101330042507,1.0,1.0,1.0
2269,1730,4,0.287347587007753,1.0,1.0,1.0
2270,1296,3,0.18084720806433344,0.0,1.0,1.0
2271,2087,3,0.17474747474747473,0.0,1.0,1.0
2272,1995,3,0.09965300884114459,0.0,1.0,1.0
2274,1834,2,0.012270400481782595,0.0,0.0,0.0
2275,2183,3,0.009438929022518604,0.0,0.0,0.0
2276,720,2,0.5285714285714286,1.0,1.0,1.0
2277,804,2,0.52,1.0,1.0,1.0
2278,2105,1,0.3333333333333333,0.0,1.0,1.0
2279,1122,4,0.014490695424237315,0.0,0.0,0.0
2280,620,1,0.5,0.0,1.0,1.0
2281,2205,2,0.50084388185654,1.0,1.0,1.0
2282,2301,2,0.008549326903757284,0.0,0.0,0.0
2283,2540,2,0.01273778489017371,0.0,0.0,0.0
2284,1699,4,0.03254160562894272,0.0,0.0,1.0
2285,1052,4,0.04271503138155761,0.0,0.0,1.0
2286,925,1,0.02702702702702703,0.0,0.0,0.0
2287,1173,1,0.08333333333333333,0.0,0.0,0.0
2288,1263,1,0.25,0.0,1.0,1.0
2289,1453,1,0.043478260869565216,0.0,0.0,0.0
2290,1954,1,0.027777777777777776,0.0,0.0,0.0
2291,2422,1,0.007692307692307693,0.0,0.0,0.0
2292,2558,1,0.2,0.0,1.0,1.0
2293,2655,1,0.2,0.0,1.0,1.0
2294,2738,1,0.006622516556291391,0.0,0.0,0.0
2302,1511,1,0.037037037037037035,0.0,0.0,0.0
2307,382,3,0.14056893064526652,0.0,1.0,1.0
2308,441,3,0.23623714458560194,0.0,1.0,1.0
2309,766,3,0.06315610088616223,0.0,0.0,0.0
2310,839,3,0.1971692400847714,0.0,1.0,1.0
2311,932,3,0.037182539682539685,0.0,0.0,0.0
2312,947,4,0.03717939954027872,0.0,0.0,1.0
2313,992,3,0.06835799859055673,0.0,0.0,0.0
2314,1092,3,0.09722222222222222,0.0,0.0,0.0
2315,1156,3,0.011778049853745249,0.0,0.0,0.0
2316,1225,3,0.019208208737558286,0.0,0.0,0.0
2317,1521,3,0.032767931734097144,0.0,0.0,0.0
2318,1547,4,0.3318819031435854,1.0,1.0,1.0
2319,1623,3,0.024842322428529327,0.0,0.0,0.0
2320,1629,4,0.006186028576116622,0.0,0.0,0.0
2321,1686,3,0.0630371627994718,0.0,0.0,1.0
2322,1796,4,0.003687179683573937,0.0,0.0,0.0
2323,1805,3,0.010824686746724425,0.0,0.0,0.0
2324,1855,3,0.010481218638044432,0.0,0.0,0.0
2325,1932,3,0.05715703779211718,0.0,0.0,1.0
2326,2044,3,0.01821631453506084,0.0,0.0,0.0
2327,2080,4,0.00489412272509877,0.0,0.0,0.0
2328,2146,3,0.027925084175084176,0.0,0.0,0.0
2329,2205,4,0.020886740144832067,0.0,0.0,0.0
2330,2240,3,0.018861171995500355,0.0,0.0,0.0
2331,2273,3,0.008044156154814701,0.0,0.0,0.0
2332,2283,4,0.018460266516205755,0.0,0.0,0.0
2333,2321,3,0.03776587164060118,0.0,0.0,1.0
2334,2372,4,0.007382186086353587,0.0,0.0,0.0
2335,2416,3,0.09094827586206898,0.0,1.0,1.0
2336,2430,4,0.028886913163901316,0.0,0.0,0.0
2337,2469,3,0.005026623210458735,0.0,0.0,0.0
2338,2579,3,0.010070598751631193,0.0,0.0,0.0
2339,2622,3,0.006324482646806506,0.0,0.0,0.0
2340,2634,4,0.009689064179580877,0.0,0.0,0.0
2352,2680,4,0.0582931195516812,0.0,0.0,0.0
2353,2688,4,0.025842234820562995,0.0,0.0,0.0
2354,2719,3,0.008570356461922729,0.0,0.0,0.0
2355,2725,4,0.006801184956996454,0.0,0.0,0.0
2356,2738,3,0.00392036791675643,0.0,0.0,0.0
2357,2072,14,0.4705046358678605,1.0,1.0,1.0
2358,2252,14,0.2847629462594201,1.0,1.0,1.0
2359,2429,14,0.351062765226149,1.0,1.0,1.0
2360,2519,14,0.35740748498052594,1.0,1.0,1.0
2361,808,1,1.0,1.0,1.0,1.0
2363,1746,13,0.23391000704809883,1.0,1.0,1.0
2364,2451,14,0.14485041057851875,1.0,1.0,1.0
2365,2089,8,0.20776798556053874,0.0,1.0,1.0
2366,1958,1,0.5,0.0,1.0,1.0
2367,2212,8,0.15044341638435274,1.0,1.0,1.0
2368,1597,1,1.0,1.0,1.0,1.0
2369,2244,1,1.0,1.0,1.0,1.0
2370,1400,5,0.36185877819335827,1.0,1.0,1.0
2371,1828,5,0.22140070882464397,0.0,1.0,1.0
2372,1562,4,0.17893686449319698,0.0,1.0,1.0
2373,2111,4,0.09636221935975801,0.0,1.0,1.0
2377,892,3,0.09001949317738793,0.0,0.0,1.0
2378,957,3,0.10857142857142855,0.0,1.0,1.0
2379,2118,2,0.01659067882472138,0.0,0.0,0.0
2380,890,1,0.022727272727272728,0.0,0.0,0.0
2381,861,2,0.02928692699490662,0.0,0.0,0.0
2382,2247,3,0.005361682129183569,0.0,0.0,0.0
2383,2539,3,0.0051892016130717315,0.0,0.0,0.0
2384,1373,1,1.0,1.0,1.0,1.0
2385,839,1,1.0,1.0,1.0,1.0
2386,1057,2,0.08712121212121213,0.0,0.0,0.0
2387,1361,2,0.14583333333333334,0.0,1.0,1.0
2388,1494,2,0.06468531468531469,0.0,0.0,0.0
2389,1721,2,0.004617302734457546,0.0,0.0,0.0
2390,2070,2,0.006747916262841636,0.0,0.0,0.0
2392,2444,2,0.03617992177314211,0.0,0.0,0.0
2393,2549,2,0.005843921336879084,0.0,0.0,0.0
2395,383,1,0.041666666666666664,0.0,0.0,0.0
2396,410,1,0.125,0.0,0.0,1.0
2397,409,1,0.07142857142857142,0.0,0.0,0.0
2398,526,1,0.0625,0.0,0.0,0.0
2399,692,1,0.01639344262295082,0.0,0.0,0.0
2400,690,1,0.14285714285714285,0.0,0.0,1.0
2401,1307,1,0.05,0.0,0.0,0.0
2403,1010,1,0.0196078431372549,0.0,0.0,0.0
2405,1668,1,0.07692307692307693,0.0,0.0,0.0
2406,1087,1,0.003816793893129771,0.0,0.0,0.0
2407,1288,1,0.010752688172043012,0.0,0.0,0.0
2413,661,1,0.125,0.0,0.0,1.0
2418,1177,1,1.0,1.0,1.0,1.0
2420,1131,1,1.0,1.0,1.0,1.0
2422,1242,1,1.0,1.0,1.0,1.0
2424,1467,1,1.0,1.0,1.0,1.0
2429,1771,1,1.0,1.0,1.0,1.0
2431,1900,1,1.0,1.0,1.0,1.0
2434,2066,1,1.0,1.0,1.0,1.0
2436,2225,2,0.5013927576601671,1.0,1.0,1.0
2438,2187,1,0.5,0.0,1.0,1.0
2442,2354,1,1.0,1.0,1.0,1.0
2443,1767,1,0.012048192771084338,0.0,0.0,0.0
2444,1812,1,0.002347417840375587,0.0,0.0,0.0
2445,1849,1,0.022727272727272728,0.0,0.0,0.0
2446,1906,1,0.007246376811594203,0.0,0.0,0.0
2447,1999,1,0.00125,0.0,0.0,0.0
2448,2098,1,0.012658227848101266,0.0,0.0,0.0
2449,2143,1,0.007633587786259542,0.0,0.0,0.0
2450,2187,1,0.0007980845969672786,0.0,0.0,0.0
2451,2274,1,0.0022624434389140274,0.0,0.0,0.0
2452,2342,1,0.0017730496453900709,0.0,0.0,0.0
2453,2399,1,0.001141552511415525,0.0,0.0,0.0
2454,2412,1,1.0,1.0,1.0,1.0
2455,2479,1,0.0007407407407407407,0.0,0.0,0.0
2457,2488,1,1.0,1.0,1.0,1.0
2460,41,1,1.0,1.0,1.0,1.0
2461,212,1,0.041666666666666664,0.0,0.0,0.0
2469,726,1,0.5,0.0,1.0,1.0
2471,925,1,1.0,1.0,1.0,1.0
2472,871,1,0.05555555555555555,0.0,0.0,0.0
2473,2377,1,0.0053475935828877,0.0,0.0,0.0
2474,1010,1,1.0,1.0,1.0,1.0
2476,1035,1,1.0,1.0,1.0,1.0
2477,1311,1,1.0,1.0,1.0,1.0
2479,1509,1,1.0,1.0,1.0,1.0
2482,1707,1,1.0,1.0,1.0,1.0
2483,1803,1,1.0,1.0,1.0,1.0
2485,1890,1,1.0,1.0,1.0,1.0
2486,1867,1,1.0,1.0,1.0,1.0
2487,1938,1,1.0,1.0,1.0,1.0
2488,2039,1,0.010638297872340425,0.0,0.0,0.0
2490,1935,1,0.006756756756756757,0.0,0.0,0.0
2491,1958,1,0.0027100271002710027,0.0,0.0,0.0
2492,2007,1,0.008403361344537815,0.0,0.0,0.0
2493,2054,1,0.001694915254237288,0.0,0.0,0.0
2494,2100,1,0.005681818181818182,0.0,0.0,0.0
2495,2164,1,0.005813953488372093,0.0,0.0,0.0
2496,2179,1,0.018867924528301886,0.0,0.0,0.0
2498,2212,1,0.003861003861003861,0.0,0.0,0.0
2501,2300,2,0.5010940919037199,1.0,1.0,1.0
2502,2295,1,0.5,0.0,1.0,1.0
2504,2321,1,0.3333333333333333,0.0,1.0,1.0
2506,2420,1,0.025,0.0,0.0,0.0
2509,2465,1,0.058823529411764705,0.0,0.0,0.0
2511,2512,1,1.0,1.0,1.0,1.0
2512,2541,1,1.0,1.0,1.0,1.0
2526,1448,1,0.014084507042253521,0.0,0.0,0.0
2547,2510,1,0.004032258064516129,0.0,0.0,0.0
2554,933,1,0.004761904761904762,0.0,0.0,0.0
2555,1563,1,0.01694915254237288,0.0,0.0,0.0
2556,1551,1,0.01639344262295082,0.0,0.0,0.0
2557,1658,1,0.000864304235090752,0.0,0.0,0.0
2559,2127,14,0.08199024187682401,0.0,1.0,1.0
2560,2312,15,0.1687189016687157,1.0,1.0,1.0
2561,2488,15,0.0305361029968481,0.0,0.0,0.0
2562,2572,14,0.30361675592099957,1.0,1.0,1.0
2563,901,2,0.2976190476190476,0.0,1.0,1.0
2564,1208,1,0.0025380710659898475,0.0,0.0,0.0
2565,1805,13,0.3070695695179046,1.0,1.0,1.0
2566,2507,14,0.11072876255947005,1.0,1.0,1.0
2568,2125,8,0.1960876685415759,1.0,1.0,1.0
2569,2054,2,0.01419200954084675,0.0,0.0,0.0
2570,2260,8,0.03858276762534921,0.0,0.0,0.0
2571,1722,2,0.17222222222222222,0.0,1.0,1.0
2572,1457,5,0.5145299145299146,1.0,1.0,1.0
2573,1885,5,0.2416399311851955,0.0,1.0,1.0
2574,1590,4,0.4961915535444947,1.0,1.0,1.0
2575,2162,4,0.059506348392626585,0.0,0.0,0.0
2576,1851,1,0.004310344827586207,0.0,0.0,0.0
2578,2047,1,0.0024330900243309003,0.0,0.0,0.0
2579,926,3,1.0,1.0,1.0,1.0
2580,994,3,0.7333333333333334,1.0,1.0,1.0
2581,2178,2,1.0,1.0,1.0,1.0
2582,983,2,0.08457095709570957,0.0,0.0,1.0
2583,901,2,1.0,1.0,1.0,1.0
2584,2305,3,0.567750677506775,1.0,1.0,1.0
2585,2588,3,0.1917191719171917,0.0,1.0,1.0
2586,1548,2,0.05854956753160346,0.0,0.0,1.0
2587,930,2,0.51010101010101,1.0,1.0,1.0
2588,1101,2,0.5140845070422535,1.0,1.0,1.0
2589,1423,2,1.0,1.0,1.0,1.0
2590,1551,2,0.6666666666666666,1.0,1.0,1.0
2591,1795,2,0.10964912280701754,0.0,0.0,1.0
2592,2117,2,0.10795454545454546,0.0,0.0,0.0
2594,2497,2,0.5185185185185185,1.0,1.0,1.0
2595,2602,2,0.03575581395348837,0.0,0.0,0.0
2597,516,1,0.1,0.0,0.0,1.0
2598,545,1,0.045454545454545456,0.0,0.0,0.0
2599,488,1,1.0,1.0,1.0,1.0
2600,634,2,0.01510361784334387,0.0,0.0,0.0
2601,763,1,1.0,1.0,1.0,1.0
2602,777,1,1.0,1.0,1.0,1.0
2603,1381,1,0.16666666666666666,0.0,0.0,1.0
2605,1058,1,0.038461538461538464,0.0,0.0,0.0
2606,1658,1,0.0036496350364963502,0.0,0.0,0.0
2607,1746,1,0.011363636363636364,0.0,0.0,0.0
2608,1147,1,1.0,1.0,1.0,1.0
2609,1325,1,0.0625,0.0,0.0,0.0
2610,72,1,0.5,0.0,1.0,1.0
2611,156,1,1.0,1.0,1.0,1.0
2612,617,1,0.14285714285714285,0.0,0.0,1.0
2613,685,1,0.0625,0.0,0.0,0.0
2614,800,1,0.0035335689045936395,0.0,0.0,0.0
2615,812,2,0.014663966396639664,0.0,0.0,0.0
2616,864,1,0.007751937984496124,0.0,0.0,0.0
2617,964,1,0.0196078431372549,0.0,0.0,0.0
2618,1013,1,0.006289308176100629,0.0,0.0,0.0
2619,1071,1,0.0016722408026755853,0.0,0.0,0.0
2620,1359,2,0.01910982099661345,0.0,0.0,0.0
2621,1310,1,0.058823529411764705,0.0,0.0,0.0
2622,1328,2,0.34090909090909094,0.0,1.0,1.0
2623,1450,1,0.0028169014084507044,0.0,0.0,0.0
2624,1466,2,0.00837842269224463,0.0,0.0,0.0
2625,1538,1,0.020833333333333332,0.0,0.0,0.0
2626,1600,2,0.0034000033251866263,0.0,0.0,0.0
2627,1634,1,0.0017699115044247787,0.0,0.0,0.0
2628,1681,1,0.0033112582781456954,0.0,0.0,0.0
2629,1779,1,0.0041841004184100415,0.0,0.0,0.0
2630,1900,1,0.002570694087403599,0.0,0.0,0.0
2631,1914,2,0.505,1.0,1.0,1.0
2632,1989,1,0.0037735849056603774,0.0,0.0,0.0
2633,2011,2,0.10164744645799012,0.0,1.0,1.0
2634,2090,1,0.007462686567164179,0.0,0.0,0.0
2635,2137,1,0.001128668171557562,0.0,0.0,0.0
2636,2148,2,0.05177619893428064,0.0,0.0,1.0
2637,2189,1,0.0008976660682226212,0.0,0.0,0.0
2638,2230,2,0.08513189448441247,0.0,0.0,1.0
2639,2253,1,0.015384615384615385,0.0,0.0,0.0
2640,2262,2,0.008610495195861049,0.0,0.0,0.0
2641,1967,2,0.10366300366300367,0.0,1.0,1.0
2642,2336,1,0.006896551724137931,0.0,0.0,0.0
2643,2431,1,0.0005980861244019139,0.0,0.0,0.0
2644,2476,1,0.058823529411764705,0.0,0.0,0.0
2645,2481,2,0.06397306397306397,0.0,0.0,0.0
2646,1819,1,1.0,1.0,1.0,1.0
2647,1871,1,0.125,0.0,0.0,1.0
2648,1896,1,0.5,0.0,1.0,1.0
2649,1968,1,0.25,0.0,1.0,1.0
2650,2033,1,0.004149377593360996,0.0,0.0,0.0
2651,2135,1,0.07142857142857142,0.0,0.0,0.0
2652,2179,1,0.05263157894736842,0.0,0.0,0.0
2653,2230,1,0.5,0.0,1.0,1.0
2654,2312,1,0.5,0.0,1.0,1.0
2655,2384,1,0.3333333333333333,0.0,1.0,1.0
2656,2463,1,0.02564102564102564,0.0,0.0,0.0
2657,2531,2,0.021472921697136944,0.0,0.0,0.0
2658,2540,2,0.625,1.0,1.0,1.0
2659,2562,1,0.0012515644555694619,0.0,0.0,0.0
2660,2571,2,0.140625,0.0,1.0,1.0
2661,2597,1,0.00819672131147541,0.0,0.0,0.0
2662,212,2,0.18253968253968253,0.0,1.0,1.0
2669,724,2,0.049206349206349205,0.0,0.0,0.0
2670,821,2,0.021988089784699953,0.0,0.0,0.0
2671,1018,2,0.01811228171453312,0.0,0.0,0.0
2672,1093,2,0.12916666666666665,0.0,0.0,1.0
2673,1147,1,0.004329004329004329,0.0,0.0,0.0
2674,1160,2,0.004273082240690378,0.0,0.0,0.0
2675,1478,2,0.00814766628720117,0.0,0.0,0.0
2676,1584,1,0.006097560975609756,0.0,0.0,0.0
2677,1590,2,0.010416666666666668,0.0,0.0,0.0
2678,1880,2,0.004906582853151737,0.0,0.0,0.0
2679,1920,2,0.02161172161172161,0.0,0.0,0.0
2680,1940,1,0.0038461538461538464,0.0,0.0,0.0
2681,1962,2,0.053875968992248065,0.0,0.0,1.0
2682,1957,2,0.5017421602787456,1.0,1.0,1.0
2683,2020,2,0.0367063492063492,0.0,0.0,0.0
2684,2119,2,0.10476190476190475,0.0,0.0,1.0
2685,2217,2,0.035759897828863345,0.0,0.0,0.0
2686,2292,1,0.0034482758620689655,0.0,0.0,0.0
2687,2343,2,0.12867647058823528,0.0,1.0,1.0
2688,2372,1,0.005434782608695652,0.0,0.0,0.0
2689,2391,2,0.004605010546026436,0.0,0.0,0.0
2690,2389,2,0.0017694420851883308,0.0,0.0,0.0
2691,2439,2,0.17055771725032426,0.0,1.0,1.0
2692,2514,1,0.014285714285714285,0.0,0.0,0.0
2693,2609,2,0.011671355723580095,0.0,0.0,0.0
2704,1751,1,0.05,0.0,0.0,0.0
2708,1768,1,0.009009009009009009,0.0,0.0,0.0
2716,2383,1,0.012048192771084338,0.0,0.0,0.0
2719,2559,1,0.0021551724137931034,0.0,0.0,0.0
2727,2232,15,0.11321700289995781,1.0,1.0,1.0
2728,2392,16,0.02468911037036007,0.0,0.0,0.0
2729,819,1,0.06666666666666667,0.0,0.0,0.0
2731,1885,14,0.0282867259069399,0.0,0.0,0.0
2732,2564,15,0.109507748801789,1.0,1.0,1.0
2733,2207,9,0.07038084031539518,0.0,0.0,0.0
2734,1995,1,0.0008718395815170009,0.0,0.0,0.0
2735,2341,9,0.015615989862276268,0.0,0.0,0.0
2736,1664,1,0.00625,0.0,0.0,0.0
2737,2264,1,0.5,0.0,1.0,1.0
2738,1570,5,0.12739136645798524,0.0,1.0,1.0
2739,2070,6,0.023445510175347836,0.0,0.0,0.0
2740,1676,5,0.011515900686194425,0.0,0.0,0.0
2743,1159,4,0.27220347423201646,1.0,1.0,1.0
2744,1293,4,0.20002278423331057,0.0,1.0,1.0
2745,2278,4,0.2826000042084885,1.0,1.0,1.0
2746,904,1,0.0017331022530329288,0.0,0.0,0.0
2747,1100,3,0.13942052099946836,0.0,1.0,1.0
2748,2441,4,0.030851244343891405,0.0,0.0,0.0
2749,1290,1,0.004310344827586207,0.0,0.0,0.0
2750,842,1,0.015873015873015872,0.0,0.0,0.0
2751,1387,3,0.03380193671777502,0.0,0.0,0.0
2752,1573,3,0.46485260770975056,1.0,1.0,1.0
2753,1650,3,0.044552104113232634,0.0,0.0,0.0
2754,1967,3,0.35881403791851546,1.0,1.0,1.0
2755,2177,3,0.06003531003531004,0.0,0.0,1.0
2756,2572,3,0.34404439282488064,1.0,1.0,1.0
2757,779,2,0.03477078477078477,0.0,0.0,0.0
2758,851,2,0.01251339354048676,0.0,0.0,0.0
2759,675,2,0.023148148148148147,0.0,0.0,0.0
2760,930,2,0.04905437352245863,0.0,0.0,0.0
2761,985,2,0.5166666666666667,1.0,1.0,1.0
2762,1545,2,0.005685069726815458,0.0,0.0,0.0
2763,1762,1,0.0013774104683195593,0.0,0.0,0.0
2764,1306,2,0.14722222222222223,0.0,1.0,1.0
2765,1725,1,0.004098360655737705,0.0,0.0,0.0
2766,1789,1,0.0027100271002710027,0.0,0.0,0.0
2767,1275,2,0.0641025641025641,0.0,0.0,1.0
2768,1504,2,0.00410373616707115,0.0,0.0,0.0
2774,673,1,0.012658227848101266,0.0,0.0,0.0
2779,1174,1,0.006097560975609756,0.0,0.0,0.0
2781,1141,1,0.045454545454545456,0.0,0.0,0.0
2783,1235,1,0.006211180124223602,0.0,0.0,0.0
2785,1478,1,0.027777777777777776,0.0,0.0,0.0
2790,1784,1,0.008620689655172414,0.0,0.0,0.0
2792,1915,1,0.001953125,0.0,0.0,0.0
2795,2082,1,0.0015105740181268882,0.0,0.0,0.0
2797,2197,1,0.004484304932735426,0.0,0.0,0.0
2799,2222,1,0.01282051282051282,0.0,0.0,0.0
2800,1915,1,0.006211180124223602,0.0,0.0,0.0
2804,2375,1,0.1,0.0,0.0,1.0
2805,1915,2,0.0038633563661685144,0.0,0.0,0.0
2806,2026,2,0.0012176215270356151,0.0,0.0,0.0
2807,2125,2,0.09397163120567376,0.0,0.0,1.0
2808,2130,2,0.0018055306598008703,0.0,0.0,0.0
2809,2232,2,0.005705872990609581,0.0,0.0,0.0
2810,2269,2,0.005957658072981311,0.0,0.0,0.0
2811,2317,2,0.0009817906681729757,0.0,0.0,0.0
2812,2445,2,0.007877468323807795,0.0,0.0,0.0
2813,2485,2,0.002601680984197688,0.0,0.0,0.0
2814,2531,2,0.0073394036421853106,0.0,0.0,0.0
2815,2433,1,0.0007552870090634441,0.0,0.0,0.0
2816,2479,1,0.019230769230769232,0.0,0.0,0.0
2818,2485,1,0.0064516129032258064,0.0,0.0,0.0
2821,12,1,0.25,0.0,1.0,1.0
2825,534,1,0.00684931506849315,0.0,0.0,0.0
2826,660,1,0.3333333333333333,0.0,1.0,1.0
2827,705,1,0.0024271844660194173,0.0,0.0,0.0
2828,897,1,0.003861003861003861,0.0,0.0,0.0
2829,485,1,0.02631578947368421,0.0,0.0,0.0
2830,709,1,0.3333333333333333,0.0,1.0,1.0
2831,767,1,0.0024630541871921183,0.0,0.0,0.0
2832,889,1,0.004291845493562232,0.0,0.0,0.0
2833,871,1,0.010101010101010102,0.0,0.0,0.0
2834,2351,1,0.003816793893129771,0.0,0.0,0.0
2835,1022,1,0.011494252873563218,0.0,0.0,0.0
2837,1006,1,0.0036101083032490976,0.0,0.0,0.0
2838,1316,1,0.0024630541871921183,0.0,0.0,0.0
2844,1810,1,0.00267379679144385,0.0,0.0,0.0
2847,1870,1,0.0013175230566534915,0.0,0.0,0.0
2848,1942,1,0.011235955056179775,0.0,0.0,0.0
2849,2054,1,0.038461538461538464,0.0,0.0,0.0
2852,1937,1,0.029411764705882353,0.0,0.0,0.0
2853,2014,1,0.01639344262295082,0.0,0.0,0.0
2854,2054,1,0.005235602094240838,0.0,0.0,0.0
2856,2124,1,0.0017452006980802793,0.0,0.0,0.0
2862,2312,1,0.002898550724637681,0.0,0.0,0.0
2865,2376,1,0.0136986301369863,0.0,0.0,0.0
2870,2458,1,0.005714285714285714,0.0,0.0,0.0
2872,2508,1,0.002577319587628866,0.0,0.0,0.0
2873,2534,1,0.0008396305625524769,0.0,0.0,0.0
2877,836,2,0.5526315789473684,1.0,1.0,1.0
2878,936,1,1.0,1.0,1.0,1.0
2879,994,1,0.022727272727272728,0.0,0.0,0.0
2880,1041,1,0.125,0.0,0.0,1.0
2883,1205,1,0.008333333333333333,0.0,0.0,0.0
2884,1323,1,0.005714285714285714,0.0,0.0,0.0
2885,1347,1,1.0,1.0,1.0,1.0
2886,1453,1,0.017857142857142856,0.0,0.0,0.0
2887,1453,1,0.058823529411764705,0.0,0.0,0.0
2888,2634,1,0.0078125,0.0,0.0,0.0
2889,1391,1,0.0037735849056603774,0.0,0.0,0.0
2891,1897,1,1.0,1.0,1.0,1.0
2892,1983,2,0.10106044538706258,0.0,1.0,1.0
2894,1855,2,0.15625,0.0,1.0,1.0
2895,1975,1,0.001379310344827586,0.0,0.0,0.0
2896,2082,1,0.009615384615384616,0.0,0.0,0.0
2897,2169,1,0.125,0.0,0.0,1.0
2898,2299,1,0.0005861664712778429,0.0,0.0,0.0
2899,2350,2,0.015408048741382074,0.0,0.0,0.0
2900,2407,1,0.022222222222222223,0.0,0.0,0.0
2901,2302,1,0.010526315789473684,0.0,0.0,0.0
2902,2495,1,0.018518518518518517,0.0,0.0,0.0
2903,2525,1,0.0014084507042253522,0.0,0.0,0.0
2904,2627,2,0.012502932207365704,0.0,0.0,0.0
2905,2626,2,0.024255952380952378,0.0,0.0,0.0
2906,2489,1,0.0013531799729364006,0.0,0.0,0.0
2907,104,1,0.5,0.0,1.0,1.0
2908,946,1,0.008333333333333333,0.0,0.0,0.0
2916,2304,16,0.4149779780396837,1.0,1.0,1.0
2917,2490,17,0.052963403055848304,0.0,0.0,1.0
2919,2654,16,0.16653250434192338,1.0,1.0,1.0
2921,2425,10,0.2236585044059282,1.0,1.0,1.0
2924,1667,8,0.09235414628640301,0.0,1.0,1.0
2925,1244,6,0.21057604118755066,1.0,1.0,1.0
2926,2352,4,0.18056418219461698,0.0,1.0,1.0
2928,2540,6,0.044445020861277024,0.0,0.0,0.0
2931,1623,5,0.4916279069767442,1.0,1.0,1.0
2932,2047,4,0.13484619263741804,0.0,0.0,1.0
2933,2687,5,0.08790681138507225,0.0,0.0,1.0
2934,846,4,0.29227081203333644,1.0,1.0,1.0
2935,709,3,0.4166666666666667,1.0,1.0,1.0
2936,1026,3,0.30735930735930733,0.0,1.0,1.0
2937,1393,3,0.36909090909090914,1.0,1.0,1.0
2938,1323,3,0.35057983942908116,1.0,1.0,1.0
2951,2198,3,0.022029866799040287,0.0,0.0,0.0
2952,2615,3,0.019006919006919008,0.0,0.0,0.0
2958,432,1,0.1,0.0,0.0,1.0
2969,1687,1,0.04,0.0,0.0,0.0
2970,1778,2,0.16789667896678967,0.0,1.0,1.0
2989,2441,1,0.058823529411764705,0.0,0.0,0.0
2991,2577,1,0.002364066193853428,0.0,0.0,0.0
2992,2593,1,0.0020242914979757085,0.0,0.0,0.0
2994,2640,2,0.002794136539124673,0.0,0.0,0.0
2999,878,2,1.0,1.0,1.0,1.0
3000,974,2,0.75,1.0,1.0,1.0
3001,1051,3,0.3486975013290803,1.0,1.0,1.0
3002,1112,3,0.3457013574660633,1.0,1.0,1.0
3003,897,1,0.006666666666666667,0.0,0.0,0.0
3004,935,1,0.010101010101010102,0.0,0.0,0.0
3005,1480,2,0.5909090909090909,1.0,1.0,1.0
3006,1546,2,0.501531393568147,1.0,1.0,1.0
3009,1702,1,0.003215434083601286,0.0,0.0,0.0
3010,1974,2,0.09429824561403508,0.0,0.0,0.0
3011,2091,2,0.5625,1.0,1.0,1.0
3012,1877,2,0.16806526806526806,0.0,1.0,1.0
3013,1928,2,0.29166666666666663,0.0,1.0,1.0
3014,2146,2,0.2528409090909091,0.0,1.0,1.0
3015,2238,2,0.2692307692307692,0.0,1.0,1.0
3016,2450,3,0.014401252980104131,0.0,0.0,0.0
3017,2487,2,0.014913392479932404,0.0,0.0,0.0
3018,2382,2,0.5018975332068312,1.0,1.0,1.0
3025,2107,1,0.0033112582781456954,0.0,0.0,0.0
3026,2057,1,0.006134969325153374,0.0,0.0,0.0
3027,2174,1,0.0051813471502590676,0.0,0.0,0.0
3028,2505,1,0.005681818181818182,0.0,0.0,0.0
